smiles,molwt,fsp3,logp,binding_affinity,cypi,tpsa
[H]C#C/C([H])=C(/C([H])([H])[H])C([H])([H])N([H])[H],95.073499288,0.3333333333333333,0.5246000000000001,,,
[H]C([H])([H])C(=O)N1C([H])([H])C([H])([H])C1([H])[H],99.068413908,0.8,0.23860000000000003,,,
[H]C([H])([H])[C@@]1([H])OC(=O)[C@]1([H])C([H])([H])[H],100.052429496,0.8,0.5678,,,
[H]O[C@]([H])(C([H])([H])[H])C([H])([H])N([H])[N][C]([H])[H],102.07931294,0.75,-0.7322099999999998,,,
[H]C([H])=C([H])[C@@]1([H])C([H])([H])O[C@]1([H])C([H])([H])[H],98.07316494,0.6666666666666666,1.2073,,,
[H]N(C([H])([H])C#N)C([H])([H])C#N,95.04834715999999,0.5,-0.37684000000000006,,,
[H][C]([N]C([H])([H])C([H])([H])[H])N([H])OC([H])([H])[H],102.07931294,0.75,-0.11901,,,
[H]/N=C1\N([H])C([H])([H])C([H])=C([H])C1([H])[H],96.06874825599999,0.4,0.5131700000000001,,,
[H]C1=C([H])[C@]2([H])N([H])[C@]2([H])[C@@]1([H])N([H])[H],96.06874825599999,0.6,-0.7761000000000002,,,
[H]C1([H])O[C@@]2([H])C([H])([H])[C@@]2([H])C1([H])[H],84.057514876,1.0,0.7952,,,
[H]c1onc([H])c(=O)c1[H],97.016378336,0.0,0.03479999999999994,,,
[H]O[C@]12C([H])([H])C([H])([H])C([H])([H])[C@@]1([H])C2([H])[H],98.07316494,1.0,0.9213,,,
[H]c1c(C([H])([H])[H])n([H])oc1=O,99.0320284,0.25,0.27631999999999995,,,
[H]/N=C1\C(=C([H])[H])C([H])([H])ON1[H],98.048012812,0.25,0.05466999999999994,,,
[H]O[C@@]1([H])[C@@]2([H])N([H])[C@]1([H])C([H])([H])C2([H])[H],99.068413908,1.0,-0.5185000000000002,,,
[H]O/N=C(C(/[H])=C(\[H])C([H])([H])[H])\C([H])([H])[H],99.068413908,0.4,1.4126,,,
[H]O[C@@]1([H])[C@]([H])(N([H])[H])[C@]1([H])C([H])([H])[H],87.068413908,1.0,-0.6757,,,
[H]C([H])([H])O[C@@]1([H])C([H])([H])O[C@]1([H])C([H])([H])[H],102.06807956,1.0,0.42010000000000003,,,
[H]/C(C#CC([H])([H])[H])=C(/[H])OC([H])([H])[H],96.057514876,0.3333333333333333,1.1698,,,
[H]N([H])[C@]1([H])[C@@]2([H])C([H])([H])N([H])[C@]1([H])C2([H])[H],98.08439831999999,1.0,-0.6946000000000001,,,
[H]C#C/C([H])=C(\C([H])=O)C([H])([H])[H],94.041864812,0.16666666666666666,0.7647999999999999,,,
[H]C([H])=C([H])C(=O)N([H])C([H])([H])C([H])([H])[H],99.068413908,0.4,0.30849999999999994,,,
[H]O[C@]1([H])C([H])([H])N([H])C([H])([H])C1([H])[H],87.068413908,1.0,-0.6594,,,
[H]Oc1c([H])c(N([H])[H])c([H])n1[H],98.048012812,0.0,0.30249999999999994,,,
[H]C([H])=C1C(=C([H])[H])C([H])([H])N([H])C1([H])[H],95.073499288,0.3333333333333333,0.702,,,
[H]N1C([H])([H])C([H])([H])[C@]([H])(C#N)C1([H])[H],96.06874825599999,0.8,0.11948000000000003,,,
[H]N1C([H])([H])C([H])([H])[C@]1([H])[C@@]1([H])OC1([H])[H],99.068413908,1.0,-0.2529000000000001,,,
[H]N(C([H])([H])C([H])([H])[H])S(=O)(=O)C([H])([H])[H],123.035399528,1.0,-0.4445000000000001,,,
[H]C#C/C([H])=C(\[H])C([H])([H])C([H])([H])N([H])[H],95.073499288,0.3333333333333333,0.5246000000000001,,,
[H][C]([H])c1oc([H])c([H])c1[C]([H])[H],94.041864812,0.0,1.64398,,,
[H]C(=O)N(C(=O)C([H])([H])[H])C([H])([H])[H],101.047678464,0.5,-0.3789,,,
[H]C(=O)[C@@]([H])(C([H])([H])[H])C([H])([H])C#N,97.052763844,0.6,0.73508,,,
[H][C]([N]OC([H])([H])[H])[C@]([H])(N([H])[H])C([H])([H])[H],102.07931294,0.75,-0.33881000000000006,,,
[H]/C(=C(/[H])[C@]([H])(N([H])[H])C([H])([H])C([H])([H])[H])C([H])([H])[H],99.10479941599999,0.6666666666666666,1.2998,,,
[H]O[C@@]([H])(C#N)C#CC([H])([H])[H],95.03711378,0.4,-0.10582000000000003,,,
[H]C([H])([H])C#CC(=O)OC([H])([H])[H],98.036779432,0.4,0.18269999999999997,,,
[H]C([H])=C(C([H])([H])N([H])[H])C([H])([H])C([H])([H])N([H])[H],100.10004838399999,0.6,-0.14990000000000003,,,
[H]N([H])C1([H])C([H])([H])C([H])([H])C([H])([H])C([H])([H])C1([H])[H],99.10479941599999,1.0,1.2778,,,
[H][C]([H])[N]N1C([H])([H])[C@]1([H])C([H])([H])C([H])([H])[H],98.08439831999999,0.8,0.3915899999999999,,,
[H]N1OC([H])([H])C([H])([H])C([H])([H])C1=O,101.047678464,0.75,-0.17200000000000015,,,
[H]OC([H])([H])C([H])([H])[C@@]([H])(OC([H])([H])[H])C([H])([H])[H],104.083729624,1.0,0.40369999999999995,,,
[H]N([H])N(C(=O)C([H])([H])C([H])([H])[H])C([H])([H])[H],102.07931294,0.75,-0.2715000000000001,,,
[H]C#CC([H])([H])OC([H])([H])C([H])([H])C([H])([H])[H],98.07316494,0.6666666666666666,1.0462,,,
[H]OC([H])([H])[C@]([H])(N([H])[H])[C@]([H])(O[H])C([H])([H])[H],105.078978592,1.0,-1.3132,,,
[H]OC([H])([H])[C@@]1([H])N([H])C([H])([H])[C@]1([H])N([H])[H],102.07931294,1.0,-1.722199999999999,,,
[H]OC([H])([H])[C@@]([H])(C#CC([H])([H])[H])N([H])[H],99.068413908,0.6,-0.6707000000000001,,,
[H]C([H])([H])C([H])([H])OC1(C([H])([H])[H])C([H])([H])C1([H])[H],100.088815004,1.0,1.5754000000000001,,,
[H]N1[C@@]([H])(C([H])([H])[H])C([H])([H])S1(=O)=O,121.019749464,1.0,-0.6920999999999999,,,
[H]N([H])C1([H])[C@@]([H])(C([H])([H])[H])N([H])[C@]1([H])C([H])([H])[H],100.10004838399999,1.0,-0.30610000000000004,,,
[H]C([H])(OC([H])([H])C([H])([H])[H])OC([H])([H])C([H])([H])[H],104.083729624,1.0,1.0169000000000001,,,
[H]C(=O)N(OC([H])([H])C([H])([H])[H])C([H])([H])[H],103.063328528,0.75,0.026100000000000012,,,
[H]C(=O)C([H])([H])C#CC([H])([H])[H],82.041864812,0.4,0.5987,,,
[H]N1C([H])([H])[C@]1([H])C([H])([H])C#N,82.053098192,0.75,-0.12812,,,
[H]C(=O)C([H])([H])C([H])([H])C([H])(C([H])([H])[H])C([H])([H])[H],100.088815004,0.8333333333333334,1.6215,,,
[H]C#CC(=O)N1C([H])([H])C1([H])[H],95.03711378,0.4,-0.5382,,,
[H]N([H])[C@@]1([H])C([H])([H])C([H])([H])N([H])[C@]1([H])C([H])([H])[H],100.10004838399999,1.0,-0.3045000000000002,,,
[H]C([H])([H])C([H])([H])[C@@]1([H])OC([H])([H])[C@]1([H])C([H])([H])[H],100.088815004,1.0,1.4313,,,
[H]C1=NN(C([H])([H])[H])C([H])([H])[C@@]1([H])C([H])([H])[H],98.08439831999999,0.8,0.5537,,,
[H]C1=NOC([H])([H])C1(C([H])([H])[H])C([H])([H])[H],99.068413908,0.8,1.0286,,,
[H]C([H])=C([H])/C(=C(/[H])C([H])([H])N([H])[H])C([H])([H])[H],97.08914935199999,0.3333333333333333,1.0774,,,
[H]C#CC(=C([H])[H])C1([H])C([H])([H])C1([H])[H],92.062600256,0.42857142857142855,1.5857999999999999,,,
[H]C#C/C([C]([H])[H])=C(\[H])[N]N([H])[H],94.053098192,0.0,-0.18430999999999986,,,
[H]C#CC([H])([H])N([H])N([H])C([H])=O,98.048012812,0.25,-1.1298,,,
[H]N([H])C([H])([H])C([H])([H])OC(=O)C([H])([H])[H],103.063328528,0.75,-0.49180000000000024,,,
[H][N][C]1OC([H])=C([H])N1C([H])([H])[H],98.048012812,0.25,0.14948999999999996,,,
[H]C(=O)S(=O)(=O)C([H])=C([H])[H],119.988114988,0.0,-0.2650999999999999,,,
[H]C#CC1(O[H])C([H])([H])C([H])([H])C1([H])[H],96.057514876,0.6666666666666666,0.5346,,,
[H]C(=O)C1=C([H])C([H])([H])C([H])([H])O1,98.036779432,0.4,0.48949999999999994,,,
[H]O[C@@]1([H])C(C([H])([H])[H])(C([H])([H])[H])[C@@]1([H])C([H])([H])[H],100.088815004,1.0,1.0232,,,
[H]N([H])C([H])([H])[C@]1([H])OC1([H])[H],73.052763844,1.0,-0.6561000000000001,,,
[H]O[C@]1([H])C([H])([H])N([H])[C@@]([H])(C([H])([H])[H])C1([H])[H],101.084063972,1.0,-0.27090000000000036,,,
[H]C([H])=C([H])[C@@]1([H])O[C@]1([H])C([H])([H])[H],84.057514876,0.6,0.9597,,,
[H]OC([H])([H])C(=C([H])[H])C([H])([H])N([H])C([H])([H])[H],101.084063972,0.6,-0.24570000000000003,,,
[H]N([H])C([H])([H])[C@@]1([H])O[C@]1([H])C([H])([H])N([H])[H],102.07931294,1.0,-1.3287999999999998,,,
[H]C1=NN([H])C([H])([H])[C@@]1([H])OC([H])([H])[H],100.063662876,0.75,-0.4096000000000002,,,
[H]C1([H])N(C([H])([H])C2([H])C([H])([H])C2([H])[H])C1([H])[H],97.08914935199999,1.0,0.712,,,
[H]C1=C([H])[C@]2([H])C([H])([H])[C@]2([H])N([H])C1([H])[H],95.073499288,0.6666666666666666,0.5343,,,
[H]C#C[C@@]([H])(C([H])([H])[H])C([H])([H])O[H],84.057514876,0.6,0.24800000000000005,,,
[H]O[N][C]([H])C(=O)C([H])=C([H])[H],99.0320284,0.0,-0.10311000000000003,,,
[H]N([H])[C@@]1([H])C([H])([H])OC([H])([H])[C@]1([H])N([H])[H],102.07931294,1.0,-1.3287999999999998,,,
[H]OS([O])([O])C([H])([H])C([H])([H])C([H])([H])[H],124.019415116,1.0,1.365,,,
[H]OC([H])([H])[C@]1([H])N(C([H])([H])C([H])([H])[H])C1([H])[H],101.084063972,1.0,-0.31720000000000015,,,
[H]C([H])([H])C([H])([H])C([H])([H])[C@@]1([H])C([H])([H])[C@]1([H])C([H])([H])[H],98.109550448,1.0,2.442500000000001,,,
[H]N1C(C([H])([H])[H])(C([H])([H])[H])[C@@]1([H])C([H])([H])C([H])([H])[H],99.10479941599999,1.0,1.1467999999999998,,,
[H]C1=NN=C([H])C([H])([H])C1=C([H])[H],94.053098192,0.2,1.0029,,,
[H]C#CC([H])([H])[C]([H])[N]O[H],83.03711378,0.25,0.16509000000000001,,,
[H]C#C[C@@]1([H])[C@]([H])(O[H])[C@]1([H])O[H],98.036779432,0.6,-1.0288,,,
[H]/N=C(/[H])N(C([H])([H])[H])C([H])(C([H])([H])[H])C([H])([H])[H],100.10004838399999,0.8,0.93367,,,
[H]C1=NN([H])C([H])([H])[C@@]2([H])C([H])([H])[C@@]12[H],96.06874825599999,0.8,0.21150000000000002,,,
[H]C1=C([H])C([H])(N([H])[H])C([H])=C1[H],81.057849224,0.2,0.4397000000000001,,,
[H]C([H])=C([H])[C@@]1([H])OC([H])([H])[C@]1([H])N([H])[H],99.068413908,0.6,-0.10149999999999981,,,
[H]C#CC(=O)OC([H])=C([H])[H],96.021129368,0.0,0.3063,,,
[H]c1noc(C#N)c1[H],94.016712684,0.0,0.54628,,,
[H]C([H])([H])C([H])([H])[C@]([H])(N1C([H])([H])C1([H])[H])C([H])([H])[H],99.10479941599999,1.0,1.1005,,,
[H]C#C[C@]([H])(O[H])/C(=N/[H])N([H])[H],98.048012812,0.25,-1.08353,,,
[H][C]([N]N([H])C([H])([H])[H])C([H])([H])OC([H])([H])[H],102.07931294,0.75,-0.4666100000000002,,,
[H]N(C([H])([H])[H])[C@]([H])(C#CC([H])([H])[H])C([H])([H])[H],97.08914935199999,0.6666666666666666,0.6175999999999999,,,
[H]C(=O)N([H])C([H])([H])[C@]1([H])OC1([H])[H],101.047678464,0.75,-0.8688000000000002,,,
[H]OC([H])([H])[C@@]1([H])O[C@]1([H])C([H])([H])[H],88.052429496,1.0,-0.23399999999999999,,,
[H]C(=O)N(OC([H])([H])[H])C([H])=C([H])[H],101.047678464,0.25,0.14969999999999994,,,
[H]C(=O)n1nc([H])c([H])c1[H],96.032362748,0.0,-0.07860000000000011,,,
[H][C]([H])[N]OC([H])([H])/C([H])=C(\[H])C([H])([H])[H],99.068413908,0.4,0.8900899999999999,,,
[H]/N=C(\N(C([H])([H])[H])C([H])([H])[H])C([H])([H])O[H],102.07931294,0.75,-0.48242999999999986,,,
[H]N1[C@]2(C([H])([H])[H])C([H])([H])C([H])([H])C([H])([H])[C@]12[H],97.08914935199999,1.0,0.9007999999999998,,,
[H]C([H])([H])C1([H])C([H])([H])C(=O)C1([H])[H],84.057514876,0.8,0.9854,,,
[H]C#CC#C[C]([H])[N]O[H],93.021463716,0.0,-0.22161000000000003,,,
[H]N1C([H])([H])C([H])([H])[C@@]2([H])[C@]1([H])[C@@]2([H])C([H])([H])[H],97.08914935199999,1.0,0.6142000000000001,,,
[H]O[C@@]1(C([H])([H])[H])C([H])([H])OC([H])([H])C1([H])[H],102.06807956,1.0,0.15769999999999995,,,
[H]C#C[C@]1([H])N(C([H])([H])C([H])([H])[H])C1([H])[H],95.073499288,0.6666666666666666,0.3237,,,
[H]O[C@@]([H])(C([H])=C([H])[H])C([H])([H])OC([H])([H])[H],102.06807956,0.6,0.17969999999999997,,,
[H]C1([H])OC([H])([H])C([H])([H])C([H])([H])C([H])([H])C1([H])[H],100.088815004,1.0,1.577,,,
[H]/C(=C(/[H])[C@]([H])(N([H])[H])C([H])([H])[H])C([H])([H])N([H])[H],100.10004838399999,0.6,-0.15149999999999986,,,
[H]c1c(N([H])[H])c([H])n([H])c1[H],82.053098192,0.0,0.5969,,,
[H]C1=C(C([H])([H])[H])C([H])([H])[C@@]2([H])N([H])[C@@]12[H],95.073499288,0.6666666666666666,0.6768000000000001,,,
[H]C([H])=C(OC([H])([H])C([H])([H])N([H])[H])C([H])([H])[H],101.084063972,0.6,0.4953000000000002,,,
[H]C#CC#N,51.010899032,0.0,0.14318,,,
[H]C1=C([H])C([H])(C([H])([H])[H])C([H])=C1[H],80.062600256,0.3333333333333333,1.7485,,,
[H]C([H])=C([H])/C([H])=C(\C([H])([H])[H])C([H])([H])C([H])([H])[H],96.093900384,0.42857142857142855,2.5287000000000006,,,
[H]C([H])([H])C#C[C@]([H])(C([H])([H])[H])C([H])([H])C([H])([H])[H],96.093900384,0.7142857142857143,2.0558,,,
[H]C(=O)OC(=C([H])[H])C([H])([H])N([H])[H],101.047678464,0.25,-0.3682,,,
[H]C([H])=C(C([H])([H])[H])C([H])([H])C(=C([H])[H])C([H])([H])[H],96.093900384,0.42857142857142855,2.5287000000000006,,,
[H]C([H])=C([H])C([H])([H])C([H])([H])N1C([H])([H])C1([H])[H],97.08914935199999,0.6666666666666666,0.8781,,,
[H]C([H])=C1C([H])([H])[C@@]2([H])C([H])([H])[C@@]2([H])C1([H])[H],94.07825032,0.7142857142857143,1.9725,,,
[H]C([H])=C([H])C([H])([H])N([H])C([H])([H])C#N,96.06874825599999,0.4,0.28558,,,
[H]C([H])([H])N1C([H])([H])[C@]1([H])C([H])([H])C#N,96.06874825599999,0.8,0.21407999999999994,,,
[H]O[C@@]([H])(C([H])([H])C([H])=O)C([H])([H])C([H])([H])[H],102.06807956,0.8,0.34629999999999983,,,
[H]N([H])C(=O)C1([H])C([H])([H])N([H])C1([H])[H],100.063662876,0.75,-1.3089000000000004,,,
[H]N([H])C([H])([H])[C@]1([H])C(=O)OC1([H])[H],101.047678464,0.75,-0.8819000000000001,,,
[H]C1=C([H])C([H])([H])N([H])/C1=N/C([H])([H])[H],96.06874825599999,0.4,0.17409999999999998,,,
[H]C([H])([H])N(C([H])([H])[H])[C@@]1([H])C([H])([H])[C@]1([H])C([H])([H])[H],99.10479941599999,1.0,0.9563999999999999,,,
[H]C(=O)N([H])N([H])C([H])(C([H])([H])[H])C([H])([H])[H],102.07931294,0.75,-0.35460000000000047,,,
[H]O[C@]([H])(C([H])([H])[H])C([H])([H])[C@]1([H])OC1([H])[H],102.06807956,1.0,0.1560999999999999,,,
[H]OC([H])([H])[C@@]1([H])C([H])([H])C([H])([H])[C@]1([H])C([H])([H])[H],100.088815004,1.0,1.0248,,,
[H]C#CC#C/C(=N/[H])N([H])[H],92.037448128,0.0,-0.44103,,,
[H]C([H])([H])OC(C([H])([H])[H])(C([H])([H])[H])C([H])([H])C([H])([H])[H],102.104465068,1.0,1.8214000000000001,,,
[H]C([H])=C([H])C([H])([H])C1([H])C([H])([H])C([H])([H])C1([H])[H],96.093900384,0.7142857142857143,2.3626000000000005,,,
[H]C([H])([H])c1nnc(C([H])([H])[H])o1,98.048012812,0.5,0.6864399999999999,,,
[H]C#C/C(=N/O[H])C([H])([H])C([H])([H])[H],97.052763844,0.4,0.8598000000000001,,,
[H]C#C/C(C#N)=N\O[H],94.016712684,0.0,-0.026620000000000033,,,
[H]OC([H])([H])C([H])([H])OC([H])([H])C([H])([H])C([H])([H])[H],104.083729624,1.0,0.4053,,,
[H]C(=O)N([H])[C@@]1([H])C([H])([H])[C@]1([H])N([H])[H],100.063662876,0.75,-1.1680000000000001,,,
[H]C1=NN([H])C([H])([H])C([H])([H])C1=O,98.048012812,0.5,-0.46540000000000004,,,
[H]C([H])=C([H])C([H])([H])C([H])([H])C([H])([H])C([H])([H])C([H])([H])[H],98.109550448,0.7142857142857143,2.752700000000001,,,
[H]c1c([H])c([H])n([H])c1[H],67.04219916,0.0,1.0147,,,
[H]C([H])=C([H])[C@@]1([H])C([H])([H])C([H])([H])[C@]1([H])C([H])([H])[H],96.093900384,0.7142857142857143,2.2184999999999997,,,
[H]N1[C@]([H])(C#N)[C@@]1([H])C#N,93.03269709599999,0.5,-0.6260400000000002,,,
[H]C(=O)C([H])([H])[C@]1([H])N(C([H])([H])[H])C1([H])[H],99.068413908,0.8,-0.11060000000000003,,,
[H]N1C([H])([H])C([H])([H])[C@]1([H])C([H])(C([H])([H])[H])C([H])([H])[H],99.10479941599999,1.0,1.0043,,,
[H]OC([H])([H])C([H])([H])C([H])([H])C([H])=O,88.052429496,0.75,-0.042200000000000015,,,
[H]C1=C(C([H])([H])[H])C([H])([H])C([H])([H])O1,84.057514876,0.6,1.3105,,,
[H]C1=C(C([H])([H])C([H])([H])[H])OC([H])([H])O1,100.052429496,0.6,1.2421,,,
[H][C]([H])[N]N([H])C1([H])C([H])([H])C([H])([H])C1([H])[H],98.08439831999999,0.8,0.43948999999999966,,,
[H]N1C([H])([H])C([H])([H])C([H])([H])C1(C([H])([H])[H])C([H])([H])[H],99.10479941599999,1.0,1.1483999999999999,,,
[H]C1=NN([H])C([H])([H])C([H])([H])C1=C([H])[H],96.06874825599999,0.4,0.5217,,,
[H]C([H])([H])[C]([N]N1C([H])([H])C1([H])[H])C([H])([H])[H],98.08439831999999,0.8,0.39318999999999993,,,
[H]C([H])=C([H])c1sc([H])c([H])c1[H],110.019021192,0.0,2.3911000000000007,,,
[H]N1C([H])([H])[C@]1([H])C(C([H])([H])[H])(C([H])([H])[H])C([H])([H])[H],99.10479941599999,1.0,1.0043,,,
[H]N([H])[C@]([H])(C([H])([H])[H])C1(C([H])([H])[H])C([H])([H])C1([H])[H],99.10479941599999,1.0,1.1337,,,
[H]O[N][C]([H])C1([H])C([H])([H])N([H])C1([H])[H],100.063662876,0.75,-0.6388100000000003,,,
[H][C]([H])[N]O[C@]([H])(C([H])([H])[H])C([H])([H])C([H])([H])[H],101.084063972,0.8,1.1124899999999998,,,
[H]C1=N[C@]([H])(C([H])([H])[H])C([H])([H])N1C([H])([H])[H],98.08439831999999,0.8,0.3486,,,
[H]N([H])C([H])([H])C1(C([H])([H])[H])C([H])([H])N([H])C1([H])[H],100.10004838399999,1.0,-0.4454,,,
[H]C1=NC([H])([H])C([H])=C([H])C([H])([H])N1[H],96.06874825599999,0.4,0.17409999999999998,,,
[H]C([H])([H])O[C@@]1([H])C([H])([H])C1(C([H])([H])[H])C([H])([H])[H],100.088815004,1.0,1.4313,,,
[H]C1([H])C([H])([H])C([H])([H])C([H])([H])C([H])([H])C1([H])[H],84.093900384,1.0,2.3406000000000002,,,
[H]C(=O)C([H])([H])C([H])([H])C([H])=C([H])[H],84.057514876,0.4,1.1515,,,
[H]C#Cc1c([H])sc([H])c1[H],108.003371128,0.0,1.7293999999999998,,,
[H]C([H])=C([H])/C([H])=C([H])/C([H])=C(\[H])C([H])([H])[H],94.07825032,0.14285714285714285,2.3047000000000004,,,
[H]OC([H])([H])C([H])([H])C#CC([H])([H])C([H])([H])[H],98.07316494,0.6666666666666666,0.7822,,,
[H]O[C@]([H])(C([H])([H])[H])C([H])([H])N([H])[H],75.068413908,1.0,-0.6741000000000001,,,
[H]c1sc(C([H])([H])[H])c(C([H])([H])[H])c1[H],112.034671256,0.3333333333333333,2.3649400000000007,,,
[H][C]([N]N([H])[H])OC1([H])C([H])([H])C1([H])[H],100.063662876,0.75,-0.23721000000000014,,,
[H]OC([H])([H])c1c([H])sc([H])c1[H],114.013935812,0.2,1.2404000000000002,,,
[H]C1([H])OC([H])([H])[C@]2([H])C([H])([H])C([H])([H])[C@@]12[H],98.07316494,1.0,1.0428000000000002,,,
[H][C]([H])[N]N1C([H])([H])C([H])([H])[C@]1([H])C([H])([H])[H],98.08439831999999,0.8,0.39159,,,
[H]C([H])=C([H])C([H])([H])[C@@]1([H])C([H])([H])[C@]1([H])N([H])[H],97.08914935199999,0.6666666666666666,0.9097,,,
[H][C]1[C]2[C]([N]N1[H])OC2([H])[H],96.032362748,0.25,-0.63503,,,
[H]C([H])=C([H])O/C([H])=C(\[H])C([H])([H])[H],84.057514876,0.2,1.6801,,,
[H]O[C@@]([H])(C([H])=C([H])[H])C([H])(C([H])([H])[H])C([H])([H])[H],100.088815004,0.6666666666666666,1.1893,,,
[H]c1c(C([H])([H])[H])sn([H])c1=O,115.00918478,0.25,0.74482,,,
[H]C1=C(C([H])([H])N([H])[H])C([H])([H])C([H])([H])C1([H])[H],97.08914935199999,0.6666666666666666,1.0554000000000001,,,
[H]C([H])=C([H])S(=O)(=O)C([H])([H])[H],106.008850432,0.3333333333333333,0.1745,,,
[H]c1oc(C#N)c([H])c1[H],93.021463716,0.0,1.15128,,,
[H]OC([H])([H])[C@@]([H])(O[N][C]([H])[H])C([H])([H])[H],103.063328528,0.75,-0.3052100000000002,,,
[H]C#C[C@@]([H])(C(=C([H])[H])C([H])([H])[H])N([H])[H],95.073499288,0.3333333333333333,0.523,,,
[H][C]([N]OC([H])([H])[H])C([H])([H])C([H])=C([H])[H],99.068413908,0.4,0.8900899999999999,,,
[H]OC([H])([H])[C@@]([H])(OC([H])([H])C([H])([H])[H])C([H])([H])[H],104.083729624,1.0,0.40369999999999995,,,
[H]C#C/C(C([H])=O)=C(\[H])C([H])([H])[H],94.041864812,0.16666666666666666,0.7647999999999999,,,
[H]c1snc(N([H])[H])c1C([H])([H])[H],114.02516919199999,0.25,1.03372,,,
[H]C(=O)O/C([H])=C(\[H])C([H])=C([H])[H],98.036779432,0.0,0.8590999999999999,,,
[H]C1=NC([H])([H])[C@]([H])(C([H])([H])C([H])([H])[H])N1[H],98.08439831999999,0.8,0.3965,,,
[H]C1=C([H])[C@]([H])(C([H])([H])[H])N(C([H])([H])[H])C1([H])[H],97.08914935199999,0.6666666666666666,0.8765,,,
[H]/C(=C(\OC([H])([H])[H])C([H])([H])[H])C([H])([H])N([H])[H],101.084063972,0.6,0.4953000000000002,,,
[H]C#CC([H])([H])C#C[H],64.031300128,0.2,0.6429,,,
[H]O[C@]([H])(C([H])([H])[H])[C@@]([H])(C([H])([H])[H])C([H])([H])N([H])[H],103.099714036,1.0,-0.03799999999999992,,,
[H]C([H])=C1C(=O)C([H])([H])C([H])([H])C1([H])[H],96.057514876,0.5,1.2955999999999999,,,
[H]C([H])=C(C([H])([H])[H])C([H])([H])OC([H])([H])C([H])([H])[H],100.088815004,0.6666666666666666,1.599,,,
[H]C([H])([H])C([H])(C([H])([H])[H])S(=O)(=O)C([H])([H])[H],122.04015056,1.0,0.4394,,,
[H]N1C([H])([H])[C@]1([H])C#N,68.037448128,0.6666666666666666,-0.5182200000000001,,,
[H]O[C@]([H])(C([H])([H])[H])[C@]([H])(C([H])=C([H])[H])C([H])([H])[H],100.088815004,0.6666666666666666,1.1893,,,
[H]N([H])C(C([H])([H])[H])(C([H])([H])C([H])([H])[H])C([H])([H])C([H])([H])[H],101.12044947999999,1.0,1.5238,,,
[H]O[C@]12C([H])([H])O[C@]([H])(C1([H])[H])C2([H])[H],100.052429496,1.0,-0.08990000000000009,,,
[H]OC([H])([H])c1c([H])c([H])n([H])c1[H],97.052763844,0.2,0.5069999999999999,,,
[H]N([H])C(=O)C([H])([H])N1C([H])([H])C1([H])[H],100.063662876,0.75,-1.2127,,,
[H]OC([H])(C([H])([H])C([H])([H])[H])C([H])([H])C([H])([H])[H],88.088815004,1.0,1.1673,,,
[H]OC([H])([H])C([H])([H])S(=O)(=O)C([H])([H])[H],124.019415116,1.0,-0.9766999999999999,,,
[H]c1oc([H])c(C([H])([H])[H])c1C([H])([H])[H],96.057514876,0.3333333333333333,1.8964400000000001,,,
[H]N([H])C([H])([H])C([H])([H])[C@@]1([H])C([H])([H])[C@]1([H])C([H])([H])[H],99.10479941599999,1.0,0.9912000000000001,,,
[H]C#C[C@@]([H])(N([H])C([H])([H])[H])C([H])([H])[H],83.073499288,0.6,0.22750000000000004,,,
[H]C([H])([H])C(=O)C1([H])C([H])([H])C([H])([H])C1([H])[H],98.07316494,0.8333333333333334,1.3755,,,
[H]C([H])=C([H])OC([H])([H])OC([H])([H])[H],88.052429496,0.5,0.7504,,,
[H]C(=O)C(=O)C([H])([H])C([H])([H])[H],86.036779432,0.5,0.16439999999999988,,,
[H]C#CC([H])([H])C([H])([H])[C@]1([H])N([H])C1([H])[H],95.073499288,0.6666666666666666,0.3716,,,
[H]C#C[C@@]1([H])O[C@]1([H])C([H])([H])C([H])([H])[H],96.057514876,0.6666666666666666,0.7969999999999999,,,
[H]OC([H])([H])/C(C#N)=C(/[H])C([H])([H])[H],97.052763844,0.4,0.44858,,,
[H]c1c(N([H])[H])c([H])n([H])c1C([H])([H])[H],96.06874825599999,0.2,0.90532,,,
[H]C1=C([H])[C@]2([H])OC([H])([H])[C@@]1([H])C2([H])[H],96.057514876,0.6666666666666666,0.9613,,,
[H][C]([H])[N]N(C([H])([H])[H])C([H])([H])C([H])=O,100.063662876,0.5,-0.5719100000000001,,,
[H]C([H])([H])C([H])([H])C#C[C@]1([H])OC1([H])[H],96.057514876,0.6666666666666666,0.7986,,,
[H]OC([H])([H])C#C[C@]([H])(O[H])C([H])([H])[H],100.052429496,0.6,-0.6371000000000002,,,
[H]N([H])C1(C([H])([H])C([H])([H])[H])C([H])([H])OC1([H])[H],101.084063972,1.0,0.12409999999999988,,,
[H]C(=O)N([H])C([H])([H])[C@]1([H])N([H])C1([H])[H],100.063662876,0.75,-1.2957999999999998,,,
[H]N1C([H])([H])C([H])(OC([H])([H])C([H])([H])[H])C1([H])[H],101.084063972,1.0,-0.005300000000000082,,,
[H]/C(C#CC([H])([H])[H])=C(/[H])C([H])([H])C([H])([H])[H],94.07825032,0.42857142857142855,1.9759,,,
[H]C([H])([H])N1C([H])([H])C1(C([H])([H])[H])C([H])([H])[H],85.08914935199999,1.0,0.7103999999999999,,,
[H]N(C(=O)C([H])([H])C([H])([H])[H])C([H])([H])[H],87.068413908,0.75,0.14239999999999986,,,
[H]O[C@@]([H])(C([H])=C([H])[H])[C@]([H])(O[H])C([H])([H])[H],102.06807956,0.6,-0.08590000000000003,,,
[H]OC([H])([H])[C]([N][N][C]([H])[H])C([H])([H])[H],100.063662876,0.5,-0.5540200000000002,,,
[H]C([H])=C([H])[C@]([H])(C([H])([H])[H])[C@]([H])(N([H])[H])C([H])([H])[H],99.10479941599999,0.6666666666666666,1.1557,,,
[H]O[C@@]1([H])C([H])([H])[C@]1([H])/C([H])=C(\[H])C([H])([H])[H],98.07316494,0.6666666666666666,0.9433,,,
[H]Oc1c([H])sc(C([H])([H])[H])c1[H],114.013935812,0.2,1.76212,,,
[H][N][C]1N(C([H])([H])[H])C([H])([H])C([H])([H])C1([H])[H],98.08439831999999,0.8,0.4843899999999999,,,
[H]C#CC1=N[N]S[C]1[H],109.993869064,0.0,0.40359,,,
[H]N([H])C([H])([H])/C(=N/OC([H])([H])[H])C([H])([H])[H],102.07931294,0.75,-0.03259999999999996,,,
[H]O[N][C]([H])C([H])([H])C([H])([H])C([H])([H])[H],87.068413908,0.75,0.9418899999999999,,,
[H]C#CC([H])(C([H])([H])[H])C([H])([H])[H],68.062600256,0.6,1.2755999999999998,,,
[H]C([H])([H])[C@@]1([H])C([H])([H])OC(=O)C1([H])[H],100.052429496,0.8,0.5694,,,
[H]C([H])([H])OC([H])([H])OC([H])([H])C([H])([H])C([H])([H])[H],104.083729624,1.0,1.0169000000000001,,,
[H]C(=O)c1c([H])noc1[H],97.016378336,0.0,0.4871,,,
[H]OC([H])([H])/C(=C(/[H])C#N)N([H])[H],98.048012812,0.25,-0.6551200000000001,,,
[H]c1c([H])n(C([H])([H])[H])c(=O)n1[H],98.048012812,0.25,-0.28660000000000013,,,
[H]O[C@]([H])(C([H])([H])[H])[C@@]1([H])C([H])([H])[C@]1([H])N([H])[H],101.084063972,1.0,-0.28559999999999997,,,
[H]C1=C([H])[C@]2([H])C([H])([H])N([H])[C@]2([H])C1([H])[H],95.073499288,0.6666666666666666,0.5343,,,
[H]C1=NN([H])[C@]2([H])C([H])([H])[C@@]1([H])C2([H])[H],96.06874825599999,0.8,0.3539999999999999,,,
[H][C]([N]C([H])([H])[H])N(C([H])([H])[H])C([H])([H])[H],86.08439831999999,0.75,-0.0985100000000001,,,
[H]O[C@@]1([H])C([H])([H])N([H])[C@@]2([H])C([H])([H])[C@@]12[H],99.068413908,1.0,-0.6610000000000003,,,
[H]C1=NOC([H])([H])/C1=C(\[H])N([H])[H],98.048012812,0.25,-0.15499999999999992,,,
[H]OC(C([H])([H])[H])(C([H])([H])[H])C([H])([H])N([H])C([H])([H])[H],103.099714036,1.0,-0.023300000000000043,,,
[H]O[C@]1([H])[C@]([H])(C([H])([H])[H])[C@]1(N([H])[H])C([H])([H])[H],101.084063972,1.0,-0.2856000000000001,,,
[H]N([H])[C@@]1([H])C([H])([H])C([H])([H])[C@]1([H])C([H])([H])C([H])([H])[H],99.10479941599999,1.0,1.1337,,,
[H]C1=NN2C([H])([H])[C@@]2([H])C1([H])[H],82.053098192,0.75,0.06009999999999993,,,
[H]C#C[C@]1([H])N(C([H])=O)C1([H])[H],95.03711378,0.4,-0.5398000000000001,,,
[H]C1=NOC([H])([H])C([H])([H])N([H])C1([H])[H],100.063662876,0.75,-0.40800000000000014,,,
[H]C1([H])ON=C(C#N)C1([H])[H],96.032362748,0.5,0.28628000000000003,,,
[H]O/N=C(\C([H])=O)C([H])([H])C([H])([H])[H],101.047678464,0.5,0.42550000000000004,,,
[H]N1C(=O)[C@@](N([H])[H])(C([H])([H])[H])C1([H])[H],100.063662876,0.75,-1.1664000000000005,,,
[H]C1=C([H])[C@]([H])(C([H])([H])[H])OC([H])([H])O1,100.052429496,0.6,0.8929,,,
[H]O[C@@]1([H])C([H])([H])[C@]1([H])C(=O)C([H])([H])[H],100.052429496,0.8,-0.04380000000000006,,,
[H]N1C([H])([H])[C@]2([H])C([H])([H])[C@@]1(C([H])([H])[H])C2([H])[H],97.08914935199999,1.0,0.7583,,,
[H]C([H])([H])N1C([H])([H])[C@]1([H])C([H])(C([H])([H])[H])C([H])([H])[H],99.10479941599999,1.0,0.9563999999999999,,,
[H]/C(=C(/[H])C([H])([H])C([H])([H])[H])C([H])([H])C#N,95.073499288,0.5,1.86628,,,
[H]N1[C@@]2([H])[C@]1([H])[C@]1([H])N([H])[C@@]2([H])C1([H])[H],96.06874825599999,1.0,-0.9291000000000005,,,
[H]C1=C([H])[C@@]2([H])O[C@]1([H])[C@@]2([H])C([H])([H])[H],96.057514876,0.6666666666666666,0.9597,,,
[H]C#C/C(C#N)=C(/[H])N([H])[H],92.037448128,0.0,-0.0142199999999999,,,
[H]C([H])=C(C([H])([H])[H])C([H])([H])C([H])([H])C([H])([H])C([H])([H])[H],98.109550448,0.7142857142857143,2.752700000000001,,,
[H]C1([H])C([H])([H])C([H])(C2([H])C([H])([H])C2([H])[H])C1([H])[H],96.093900384,1.0,2.1965000000000003,,,
[H][C]([H])[N]OC([H])([H])C([H])([H])C([H])([H])[H],87.068413908,0.75,0.7239899999999999,,,
[H]O[N][C]([H])C#CC([H])([H])[H],83.03711378,0.25,0.16509000000000001,,,
[H]N([H])C([H])([H])[C@]1([H])C([H])([H])[C@@]([H])(C([H])([H])[H])C1([H])[H],99.10479941599999,1.0,0.9912000000000001,,,
[H]C#C[C@@]1([H])O[C@]1([H])C([H])([H])[H],82.041864812,0.6,0.4069,,,
[H]C1=NN=C(C([H])([H])[H])C([H])([H])C1([H])[H],96.06874825599999,0.6,1.2269,,,
[H]/N=C(/C(=C([H])[H])C([H])=C([H])[H])N([H])[H],96.06874825599999,0.0,0.6645700000000001,,,
[H]ON(C([H])=O)/C([H])=C(\[H])C([H])([H])[H],101.047678464,0.25,0.3676000000000001,,,
[H]C#C[C@@]1([H])C([H])([H])[C@]1([H])C([H])([H])[H],80.062600256,0.6666666666666666,1.2755999999999998,,,
[H]N1C([H])([H])C([H])([H])[C@](N([H])[H])(C([H])([H])[H])C1([H])[H],100.10004838399999,1.0,-0.30289999999999995,,,
[H]C([H])([H])[C@]1([C@]2([H])OC2([H])[H])OC1([H])[H],100.052429496,1.0,0.17409999999999992,,,
[H]C([H])=C([H])C(=O)C([H])([H])OC([H])([H])[H],100.052429496,0.4,0.3878999999999999,,,
[H]/N=C(/[H])N([H])C([H])([H])C([H])([H])C([H])([H])[H],86.08439831999999,0.75,0.59307,,,
[H]O[C@@]1([H])C(=O)C([H])([H])[C@]1([H])C([H])([H])[H],100.052429496,0.8,-0.04380000000000006,,,
[H]OC([H])([H])C([H])([H])C([H])([H])C([H])([H])C([H])([H])C([H])([H])[H],102.104465068,1.0,1.559,,,
[H]C1=C([H])[C@]([H])(N([H])[H])C([H])([H])O1,85.052763844,0.5,-0.14240000000000003,,,
[H]OC([H])([H])[C@@](O[H])(C([H])=C([H])[H])C([H])([H])[H],102.06807956,0.6,-0.08430000000000004,,,
[H]c1sn([H])c(=O)c1C([H])([H])[H],115.00918478,0.25,0.74482,,,
[H]N([H])/N=C1/OC([H])([H])C([H])([H])C1([H])[H],100.063662876,0.75,0.06899999999999995,,,
[H]C([H])=C1C([H])=C(C([H])([H])[H])C([H])([H])C1([H])[H],94.07825032,0.42857142857142855,2.2827,,,
[H]C([H])=C([H])C([H])([H])N([H])[H],57.057849223999995,0.3333333333333333,0.1311000000000001,,,
[H]C(=O)C(=C([H])[H])C(=C([H])[H])C([H])([H])[H],96.057514876,0.16666666666666666,1.3175999999999999,,,
[H]N1C(=O)C([H])([H])N=C1C([H])([H])[H],98.048012812,0.5,-0.46540000000000004,,,
[H]C(=O)O[C@]([H])(C([H])([H])[H])C([H])([H])C([H])([H])[H],102.06807956,0.8,0.9579,,,
[H]OC([H])([H])[C@@](O[H])(C([H])([H])[H])C([H])([H])C([H])([H])[H],104.083729624,1.0,0.13969999999999994,,,
[H]OC([H])([H])/C(=N/N([H])C([H])([H])[H])C([H])([H])[H],102.07931294,0.75,-0.42600000000000016,,,
[H]/C(C(=O)C([H])([H])[H])=C(/[H])C([H])([H])[H],84.057514876,0.4,1.1515,,,
[H]/C(C(=O)N([H])[H])=C(/[H])C([H])([H])N([H])[H],100.063662876,0.25,-1.0133999999999996,,,
[H]O[N][C]([H])C(=O)C([H])([H])C([H])([H])[H],101.047678464,0.5,0.12088999999999994,,,
[H]OC(C([H])([H])[H])(C([H])([H])[H])C([H])([H])C([H])([H])[H],88.088815004,1.0,1.1673,,,
[H]C([H])([H])N(C([H])([H])[H])C(C([H])([H])[H])(C([H])([H])[H])C([H])([H])[H],101.12044947999999,1.0,1.3464999999999998,,,
[H]C#CC([H])([H])[C@@]([H])(OC([H])([H])[H])C([H])([H])[H],98.07316494,0.6666666666666666,1.0446,,,
[H]/C(=C(/[H])C([H])([H])N([H])C([H])([H])[H])C([H])([H])[H],85.08914935199999,0.6,0.7819,,,
[H]C1=C(C([H])([H])C([H])([H])[H])C([H])([H])N([H])C1([H])[H],97.08914935199999,0.6666666666666666,0.9259999999999999,,,
[H]C#CC([H])([H])C(C([H])=O)=C([H])[H],94.041864812,0.16666666666666666,0.7647999999999999,,,
[H]C([H])=C([H])[C@@]1([H])OC([H])([H])[C@]1([H])C([H])([H])[H],98.07316494,0.6666666666666666,1.2073,,,
[H]C(=O)/C([H])=C(\[H])C(=O)C([H])([H])[H],98.036779432,0.2,0.3304999999999999,,,
[H]C([H])=C(OC(=C([H])[H])C([H])([H])[H])C([H])([H])[H],98.07316494,0.3333333333333333,2.0702,,,
[H]C([H])([H])C(=O)OC([H])([H])C([H])([H])C([H])([H])[H],102.06807956,0.8,0.9595,,,
[H]C1=NC([H])([H])[C@]([H])(C([H])([H])[H])ON1[H],100.063662876,0.75,-0.062,,,
[H]c1nsc(C#N)c1[H],109.993869064,0.0,1.01478,,,
[H]Oc1c(C([H])([H])[H])oc([H])c1[H],98.036779432,0.2,1.29362,,,
[H]C1=NN(C([H])([H])[H])[C@@]([H])(C([H])([H])[H])C1([H])[H],98.08439831999999,0.8,0.6961999999999999,,,
[H]C1=C([H])C([H])([H])C([H])=C1C#N,91.04219916,0.16666666666666666,1.39628,,,
[H]Oc1c([H])c(O[H])n([H])c1[H],99.0320284,0.0,0.4258999999999999,,,
[H]O/N=C(/C#CC([H])([H])[H])C([H])([H])[H],97.052763844,0.4,0.8597999999999999,,,
[H]C#C[C@]1([H])C([H])([H])N([H])C([H])([H])C1([H])[H],95.073499288,0.6666666666666666,0.22910000000000003,,,
[H]OC([H])([H])C#CC(=O)C([H])([H])[H],98.036779432,0.4,-0.42890000000000006,,,
[H]C1=C([H])[C@]2([H])C([H])([H])[C@@]1([H])[C@]2([H])C([H])([H])[H],94.07825032,0.7142857142857143,1.8284,,,
[H]C#CC(=C([H])[H])C([H])([H])C([H])([H])[H],80.062600256,0.3333333333333333,1.5857999999999999,,,
[H]C#C[C@]([H])(O[H])C(=O)N([H])[H],99.0320284,0.25,-1.5342,,,
[H]C([H])([H])N1C([H])([H])[C@@]2([H])C([H])([H])[C@@]2([H])C1([H])[H],97.08914935199999,1.0,0.5679,,,
[H]C(=O)/N=C(\[H])N(C([H])([H])[H])C([H])([H])[H],100.063662876,0.5,-0.26729999999999987,,,
[H]C#C[C@]([H])(O[H])C([H])([H])N([H])[H],85.052763844,0.5,-1.0608,,,
[H]C([H])=C([H])[C@]([H])(C([H])([H])[H])C([H])(C([H])([H])[H])C([H])([H])[H],98.109550448,0.7142857142857143,2.4645,,,
[H]C(=O)C#C/C([H])=C(\[H])C([H])([H])[H],94.041864812,0.16666666666666666,0.7647999999999999,,,
[H]C1([H])C([H])([H])C1([H])N1C([H])([H])[C@]1([H])C([H])([H])[H],97.08914935199999,1.0,0.8529000000000001,,,
[H]N([H])C([H])([H])C1([H])C([H])([H])OC1([H])[H],87.068413908,1.0,-0.4085000000000001,,,
[H]C1([H])O[C@]([H])(C([H])([H])C([H])([H])[H])C1=O,100.052429496,0.8,0.36430000000000007,,,
[H]N([H])C([H])([H])[C@@]([H])(N([H])[H])C1([H])C([H])([H])C1([H])[H],100.10004838399999,1.0,-0.31760000000000055,,,
[H]C([H])=C(OC([H])([H])[H])/C([H])=C(\[H])C([H])([H])[H],98.07316494,0.3333333333333333,1.7226,,,
[H]O[C@@]1([H])[C@@]([H])(O[H])[C@]1([H])C([H])=C([H])[H],100.052429496,0.6,-0.476,,,
[H]C([H])=C([H])C#CC(=O)C([H])([H])[H],94.041864812,0.16666666666666666,0.7647999999999999,,,
[H][C]([H])c1oc([C]([H])[H])c([H])c1[H],94.041864812,0.0,1.64398,,,
[H]OC([H])([H])[C@@]1(C([H])([H])[H])C([H])([H])[C@]1([H])C([H])([H])[H],100.088815004,1.0,1.0248,,,
[H]OC1(C([H])([H])[H])C([H])=C([H])C([H])=C1[H],96.057514876,0.3333333333333333,0.8634,,,
[H]ON1C(=O)C([H])([H])C([H])=C1[H],99.0320284,0.25,0.1216000000000001,,,
[H]C([H])=C([H])[C@@]1([H])C([H])([H])[C@]1([H])C([H])([H])[H],82.07825032,0.6666666666666666,1.8284,,,
[H]O[C@@]([H])(C(C#N)=C([H])[H])C([H])([H])[H],97.052763844,0.4,0.44697999999999993,,,
[H]OC([H])([H])C#C[C@]([H])(N([H])[H])C([H])([H])[H],99.068413908,0.6,-0.6707000000000001,,,
[H]C1=C([H])C([H])([H])[C@]([H])(C#N)O1,95.03711378,0.4,0.8125799999999999,,,
[H]C(=O)C([H])([H])C([H])([H])N([H])C([H])([H])C([H])([H])[H],101.084063972,0.8,0.1848999999999999,,,
[H]N([H])C([H])([H])C([H])([H])C([H])([H])C([H])([H])C([H])([H])N([H])[H],102.11569844799999,1.0,0.07410000000000017,,,
[H]O[N][C]([H])C([H])([H])[H],59.03711378,0.5,0.16168999999999994,,,
[H]C([H])([H])C(=O)C([H])([H])C([H])([H])C([H])([H])[H],86.07316494,0.8,1.3755,,,
[H]C#CC(=O)C([H])([H])C#C[H],92.026214748,0.16666666666666666,0.21199999999999997,,,
[H]N1C(C([H])([H])[H])=N[C@@]2([H])C([H])([H])[C@@]12[H],96.06874825599999,0.8,0.14890000000000003,,,
[H]C1([H])C(=O)C([H])([H])C([H])([H])C1([H])[H],84.057514876,0.8,1.1295,,,
[H]C1([H])O[C@@]([H])(C([H])([H])[H])C([H])([H])C1([H])[H],86.07316494,1.0,1.1853,,,
[H]C1([H])OC([H])([H])C1([H])C#N,83.03711378,0.75,0.15638000000000002,,,
[H]C([H])=C1O[C@@]([H])(C([H])([H])[H])C([H])([H])C1([H])[H],98.07316494,0.6666666666666666,1.699,,,
[H]OC([H])([H])[C@@]1([H])N([H])C1(C([H])([H])[H])C([H])([H])[H],101.084063972,1.0,-0.27090000000000036,,,
[H]C1=C([H])C(=O)C([H])([H])C([H])([H])O1,98.036779432,0.4,0.4895,,,
[H]C1=C(C([H])([H])[H])OC([H])([H])C([H])=C1[H],96.057514876,0.3333333333333333,1.4766,,,
[H]OC(=O)[C@]([H])(C([H])([H])[H])C([H])([H])C([H])([H])[H],102.06807956,0.8,1.1171,,,
[H]C([H])=C([H])[C@@]1(C([H])([H])[H])N([H])C([H])([H])C1([H])[H],97.08914935199999,0.6666666666666666,0.9243999999999999,,,
[H][C]([N]N([H])[H])C([H])([H])/C([H])=C(\[H])C([H])([H])[H],98.08439831999999,0.4,0.59249,,,
[H]C#CC([H])([H])C([H])=C(C([H])([H])[H])C([H])([H])[H],94.07825032,0.42857142857142855,1.9759,,,
[H]O[C@]1([H])C([H])([H])[C@@]([H])(C([H])([H])[H])C1([H])[H],86.07316494,1.0,0.7772,,,
[H][C]([N]N([H])[H])[C@@]([H])(OC([H])([H])[H])C([H])([H])[H],102.07931294,0.75,-0.33881000000000006,,,
[H]O[N][C]([H])C([H])([H])N1C([H])([H])C1([H])[H],100.063662876,0.75,-0.54261,,,
[H]C(=O)N1C([H])=C([H])C([H])([H])C1([H])[H],97.052763844,0.4,0.36219999999999997,,,
[H]OC(C([H])([H])[H])(C([H])([H])[H])[C@]1([H])OC1([H])[H],102.06807956,1.0,0.1560999999999999,,,
[H]O/N=C(\C([H])=C([H])[H])C([H])([H])N([H])[H],100.063662876,0.25,-0.03870000000000007,,,
[H]O[C@]([H])(C([H])([H])N([H])[H])[C@]1([H])OC1([H])[H],103.063328528,1.0,-1.2951999999999992,,,
[H]C(=O)[C@]1([H])N([H])N=C([H])C1([H])[H],98.048012812,0.5,-0.4670000000000003,,,
[H]C([H])=C([H])C(C#N)(C([H])([H])[H])C([H])([H])[H],95.073499288,0.5,1.72218,,,
[H]C([H])=C([H])[C@]([H])(C([H])([H])N([H])[H])C([H])([H])C([H])([H])[H],99.10479941599999,0.6666666666666666,1.1573,,,
[H]C([H])([H])OC([H])(C([H])([H])[H])C([H])([H])[H],74.07316494,1.0,1.0412,,,
[H]N(C(=O)C([H])([H])[H])C([H])(C([H])([H])[H])C([H])([H])[H],101.084063972,0.8,0.5309000000000001,,,
[H]C([H])([H])C(=O)N(C([H])([H])[H])C([H])([H])[H],87.068413908,0.75,0.09450000000000003,,,
[H]C([H])([H])C([H])([H])[C@]1([H])C(=O)OC1([H])[H],100.052429496,0.8,0.5694,,,
[H]Oc1c([H])c([H])n(C([H])([H])[H])c1[H],97.052763844,0.2,0.7306999999999999,,,
[H][C]([H])[N]N([H])[C@]([H])(C([H])([H])[H])C([H])([H])C([H])([H])[H],100.10004838399999,0.8,0.6854899999999997,,,
[H]C([H])=C([H])C(C(=O)C([H])([H])[H])=C([H])[H],96.057514876,0.16666666666666666,1.3175999999999999,,,
[H]O/N=C(/C(=O)C([H])([H])[H])C([H])([H])[H],101.047678464,0.5,0.42550000000000004,,,
[H]OC([H])([H])C(=O)C([H])(C([H])([H])[H])C([H])([H])[H],102.06807956,0.8,0.20379999999999998,,,
[H]C1=NOC([H])([H])[C@@]([H])(N([H])[H])C1([H])[H],100.063662876,0.75,-0.2801999999999998,,,
[H]C(=O)N(OC([H])([H])[H])C([H])([H])C([H])([H])[H],103.063328528,0.75,0.02609999999999979,,,
[H]C#C[C@@]1([H])C([H])=C([H])OC1([H])[H],94.041864812,0.3333333333333333,0.7797,,,
[H]C(=O)C1=NN=C([H])C1([H])[H],96.032362748,0.25,0.015799999999999925,,,
[H]N([H])C([H])([H])C([H])([H])OC([H])([H])C([H])([H])N([H])[H],104.094963004,1.0,-1.0795999999999994,,,
[H]/N=C(\C(=O)C([H])([H])C([H])([H])[H])N([H])[H],100.063662876,0.5,-0.0985299999999999,,,
[H]N1C([H])([H])[C@]1([H])C([H])([H])C([H])([H])C([H])([H])[H],85.08914935199999,1.0,0.7583,,,
[H]C([H])=C([H])C([H])([H])C([H])([H])C([H])(C([H])([H])[H])C([H])([H])[H],98.109550448,0.7142857142857143,2.608600000000001,,,
[H]C([H])=C([H])OC([H])([H])C(=C([H])[H])C([H])([H])[H],98.07316494,0.3333333333333333,1.7226,,,
[H][C]([N]OC([H])([H])[H])N(C([H])([H])[H])C([H])([H])[H],102.07931294,0.75,-0.1669100000000001,,,
[H]C1=NN([H])[C@]([H])(C([H])([H])[H])C1=C([H])[H],96.06874825599999,0.4,0.5201,,,
[H]C#C/C(=N/[H])N([H])OC([H])([H])[H],98.048012812,0.25,-0.25212999999999997,,,
[H]N([H])C([H])([H])[C@@]([H])(N([H])C([H])([H])[H])C([H])([H])[H],88.10004838399999,1.0,-0.4470000000000003,,,
[H]C#C[C@]([H])([C]([H])[N]O[H])C([H])([H])[H],97.052763844,0.4,0.4110899999999999,,,
[H]O/N=C(\OC([H])=C([H])[H])C([H])([H])[H],101.047678464,0.25,0.9541,,,
[H]C1=C([H])C([H])([H])C([H])([H])OC([H])([H])O1,100.052429496,0.6,0.8945000000000001,,,
[H]OC([H])([H])C([H])([H])[C@@]1([H])C([H])([H])[C@]1([H])C([H])([H])[H],100.088815004,1.0,1.0248,,,
[H]C([H])=C(OC([H])(C([H])([H])[H])C([H])([H])[H])C([H])([H])[H],100.088815004,0.6666666666666666,1.945,,,
[H]C#CC([H])([H])N([H])C([H])([H])C([H])=C([H])[H],95.073499288,0.3333333333333333,0.39520000000000005,,,
[H]C1=C([H])[C@@]([H])(C([H])([H])[H])C(C([H])([H])[H])=C1[H],94.07825032,0.42857142857142855,2.1386000000000003,,,
[H]C([H])([H])OC1(C([H])([H])C([H])([H])[H])C([H])([H])C1([H])[H],100.088815004,1.0,1.5754000000000001,,,
[H]C([H])([H])N1[C@@]([H])(C([H])([H])[H])C([H])([H])[C@]1([H])C([H])([H])[H],99.10479941599999,1.0,1.0989,,,
[H]O[C@@]1([H])C([H])=C(C([H])([H])[H])OC1([H])[H],100.052429496,0.6,0.2812999999999999,,,
[H]C#CC([H])([H])OC([H])([H])C([H])=C([H])[H],96.057514876,0.3333333333333333,0.8222,,,
[H]O/N=C(\C([H])([H])[H])C([H])([H])C([H])([H])C([H])([H])[H],101.084063972,0.8,1.6366,,,
[H]C([H])([H])N1C([H])([H])[C@]1([H])C([H])([H])[H],71.073499288,1.0,0.3202999999999999,,,
[H]/C(=C(/[H])C([H])([H])N([H])C([H])([H])C([H])([H])[H])C([H])([H])[H],99.10479941599999,0.6666666666666666,1.172,,,
[H]O/N=C(C(\[H])=C(/[H])N([H])[H])/C([H])([H])[H],100.063662876,0.25,0.30890000000000006,,,
[H]C#CS(=O)(=O)C#N,114.972799272,0.0,-0.5270199999999999,,,
[H][C]([N]N([H])[H])C(C([H])([H])[H])(C([H])([H])[H])C([H])([H])[H],100.10004838399999,0.8,0.6723899999999998,,,
[H]C1=NOC([H])([H])C([H])([H])C([H])=C1[H],97.052763844,0.4,0.9487000000000001,,,
[H]O/N=C(/C#N)C([H])=C([H])[H],96.032362748,0.0,0.5261799999999999,,,
[H]C#C/C([H])=C(\[H])C#N,77.026549096,0.0,0.6993799999999999,,,
[H]C(=O)/C([H])=C(\[H])C#N,81.021463716,0.0,0.2650799999999999,,,
[H]/C(=C(/[H])[C@]1([H])OC([H])([H])C1([H])[H])C([H])([H])[H],98.07316494,0.6666666666666666,1.3514,,,
[H]C([H])=C([H])C([H])(C([H])=C([H])[H])N([H])C([H])([H])[H],97.08914935199999,0.3333333333333333,0.9463999999999999,,,
[H]N([H])C(=S)N1C([H])([H])[C@]1([H])C([H])([H])[H],116.04081925599999,0.75,-0.06590000000000007,,,
[H]C1([H])O[C@]2([H])C([H])([H])[C@@]1([H])C2([H])[H],84.057514876,1.0,0.7952,,,
[H]OC([H])([H])C([H])([H])OC1([H])C([H])([H])C1([H])[H],102.06807956,1.0,0.15769999999999995,,,
[H]C(=O)N(/C([H])=N/C([H])([H])[H])C([H])([H])[H],100.063662876,0.5,-0.2673000000000001,,,
[H]N([H])[C@]([H])(C([H])([H])[H])C([H])([H])C([H])([H])[H],73.08914935199999,1.0,0.7435999999999998,,,
[H]N([H])C([H])([H])C([H])([H])C([H])([H])OC([H])([H])[H],89.084063972,1.0,-0.018399999999999972,,,
[H]O[C@@]1([H])[C@@]([H])(O[H])C([H])([H])[C@]1([H])N([H])[H],103.063328528,1.0,-1.5607999999999997,,,
[H]N([H])C([H])([H])[C@]1([H])N(C([H])([H])[H])C([H])([H])C1([H])[H],100.10004838399999,1.0,-0.3508,,,
[H]C#C[C@]([H])(N([H])[H])C([H])([H])C([H])([H])N([H])[H],98.08439831999999,0.6,-0.7042999999999999,,,
[H]N1C(=O)[C@]2([H])O[C@]2([H])C1([H])[H],99.0320284,0.75,-1.1164000000000003,,,
[H]OC([H])([H])[C@@]([H])(C([H])=O)C([H])([H])C([H])([H])[H],102.06807956,0.8,0.20379999999999998,,,
[H]O[C@]([H])(C([H])([H])[H])C(N([H])[H])(C([H])([H])[H])C([H])([H])[H],103.099714036,1.0,0.10449999999999982,,,
[H]C([H])=C([H])C1([H])C([H])([H])C([H])=C([H])C1([H])[H],94.07825032,0.42857142857142855,2.1386000000000003,,,
[H]N(C([H])([H])[H])C([H])([H])C1(N([H])[H])C([H])([H])C1([H])[H],100.10004838399999,1.0,-0.3029000000000004,,,
[H]OC1(C([H])([H])[H])C([H])([H])N([H])C1([H])[H],87.068413908,1.0,-0.6594,,,
[H]C1=N[C@]2([H])C([H])([H])C([H])([H])[C@]2([H])N1[H],96.06874825599999,0.8,0.1489000000000001,,,
[H]C([H])([H])C([H])([H])[C@]1([H])OC([H])([H])C([H])([H])C1([H])[H],100.088815004,1.0,1.5754000000000001,,,
[H]C#C[C@@](N([H])[H])(C([H])([H])[H])C([H])([H])C([H])([H])[H],97.08914935199999,0.6666666666666666,0.747,,,
[H]O[N][C]([H])[C@@]([H])(C([H])([H])[H])C([H])([H])O[H],103.063328528,0.75,-0.22981000000000024,,,
[H]C([H])=C([H])[C@]1([H])O[C@@]([H])(C([H])([H])[H])C1([H])[H],98.07316494,0.6666666666666666,1.3497999999999999,,,
[H]/C(=C(/[H])C([H])([H])C([H])([H])N([H])[H])C([H])([H])[H],85.08914935199999,0.6,0.9113000000000001,,,
[H]C#C[C@@]1([H])C([H])([H])[C@]1([H])C([H])([H])C([H])([H])[H],94.07825032,0.7142857142857143,1.6657,,,
[H]C([H])=C(C([H])([H])[H])C([H])([H])N(C([H])([H])[H])C([H])([H])[H],99.10479941599999,0.6666666666666666,1.1241,,,
[H]O[N][C]([H])[C@]1([H])N(C([H])([H])[H])C1([H])[H],100.063662876,0.75,-0.5442100000000001,,,
[H]C#C/C([H])=C(\[H])C([H])([H])[H],66.046950192,0.2,1.1957,,,
[H]O[C@]([H])(C([H])([H])[H])C([H])([H])C([H])([H])C([H])([H])[H],88.088815004,1.0,1.1673,,,
[H]N([H])C([H])([H])[C@@]1(C([H])([H])C([H])([H])[H])N([H])C1([H])[H],100.10004838399999,1.0,-0.3029000000000004,,,
[H]C([H])([H])C([H])([H])C(C([H])([H])[H])(C([H])([H])[H])C([H])([H])[H],86.109550448,1.0,2.442500000000001,,,
[H]/C(C(=O)OC([H])([H])[H])=C(/[H])C([H])([H])[H],100.052429496,0.4,0.7354999999999999,,,
[H]N1C([H])([H])C([H])([H])C2(C1([H])[H])C([H])([H])C2([H])[H],97.08914935199999,1.0,0.7599,,,
[H]N(C([H])([H])[H])[C@@]1([H])C([H])([H])C([H])([H])[C@]1([H])C([H])([H])[H],99.10479941599999,1.0,1.0043,,,
[H][C]([H])[N]O[C@@]([H])(OC([H])([H])[H])C([H])([H])[H],103.063328528,0.75,0.30638999999999983,,,
[H]C([H])([H])C([H])(C([H])([H])[H])C1([H])C([H])([H])C([H])([H])C1([H])[H],98.109550448,1.0,2.442500000000001,,,
[H]O[C@@]1([H])C([H])([H])[C@]1([H])C#N,83.03711378,0.75,-0.1092200000000001,,,
[H]OC([H])([H])C(=C([H])[H])C([H])([H])N([H])[H],87.068413908,0.5,-0.5064000000000002,,,
[H]C#C/C([H])=C(\C([H])([H])[H])C([H])([H])C([H])([H])[H],94.07825032,0.42857142857142855,1.9759,,,
[H][N]C1=C([H])[C]([H])ON1C([H])([H])[H],98.048012812,0.25,0.14948999999999996,,,
[H]N([H])C([H])([H])C(C([H])([H])[H])(C([H])([H])[H])C([H])([H])N([H])[H],102.11569844799999,1.0,-0.06999999999999973,,,
[H]Oc1c([H])oc(N([H])[H])c1[H],99.0320284,0.0,0.5673999999999999,,,
[H]N1[C@@]2([H])C([H])([H])[C@@]2([H])[C@]2([H])C([H])([H])[C@@]12[H],95.073499288,1.0,0.3665999999999998,,,
[H]OC([H])([H])[C@@]1(C([H])([H])[H])OC([H])([H])C1([H])[H],102.06807956,1.0,0.15769999999999995,,,
[H]OC([H])([H])[C@]([H])(N([H])[H])[C@]1([H])N([H])C1([H])[H],102.07931294,1.0,-1.7221999999999995,,,
[H]C([H])=C(OC([H])([H])C([H])=C([H])[H])C([H])([H])[H],98.07316494,0.3333333333333333,1.7226,,,
[H]OC([H])([H])C([H])([H])N([H])C([H])([H])C([H])=O,103.063328528,0.75,-1.2327999999999995,,,
[H]C#CC(=O)C1([H])C([H])([H])C1([H])[H],94.041864812,0.5,0.5987,,,
[H][C]([N]OC1([H])C([H])([H])C1([H])[H])C([H])([H])[H],99.068413908,0.8,0.8664899999999999,,,
[H]C#CC([H])([H])C#CC([H])([H])N([H])[H],93.057849224,0.3333333333333333,-0.028199999999999892,,,
[H]N(C([H])([H])C([H])([H])[H])C1(C([H])([H])[H])C([H])([H])C1([H])[H],99.10479941599999,1.0,1.1484,,,
[H]OC([H])([H])[C@@]1([H])C([H])=NN([H])C1([H])[H],100.063662876,0.75,-0.8161,,,
[H]c1c([H])c([H])n(C([H])([H])C([H])([H])[H])c1[H],95.073499288,0.3333333333333333,1.508,,,
[H]C#C/C(=N/C([H])([H])[H])N([H])O[H],98.048012812,0.25,-0.3732999999999999,,,
[H]C([H])=C([H])C([H])([H])[C@]1([H])N([H])C([H])([H])C1([H])[H],97.08914935199999,0.6666666666666666,0.9243999999999999,,,
[H]N(N(C(=O)C([H])([H])[H])C([H])([H])[H])C([H])([H])[H],102.07931294,0.75,-0.40090000000000026,,,
[H][N][C]1OC([H])=C(C([H])([H])[H])N1[H],98.048012812,0.25,0.19739,,,
[H]c1c([H])c(N([H])C([H])([H])[H])n([H])c1[H],96.06874825599999,0.2,1.0564,,,
[H]C([H])([H])C1(C([H])([H])[H])C([H])([H])OC1([H])[H],86.07316494,1.0,1.0428,,,
[H]C#CC([H])([H])C(=C([H])[H])C([H])([H])N([H])[H],95.073499288,0.3333333333333333,0.5246000000000001,,,
[H]O[N][C]([H])[C@@]([H])(C([H])([H])[H])C([H])([H])N([H])[H],102.07931294,0.75,-0.26341000000000003,,,
[H]C1=C([H])[C@@]2([H])C([H])([H])[C@@]2(C([H])([H])[H])O1,96.057514876,0.6666666666666666,1.3089,,,
[H]C([H])=C1C([H])([H])C([H])([H])O[C@]1([H])C([H])([H])[H],98.07316494,0.6666666666666666,1.3514,,,
[H]C#C/C(=N/O[H])C([H])([H])[H],83.03711378,0.25,0.46970000000000006,,,
[H]N1C([H])([H])[C@@]1([H])C1([H])C([H])([H])OC1([H])[H],99.068413908,1.0,-0.3954000000000002,,,
[H]C(=O)C([H])([H])C([H])([H])C(=C([H])[H])C([H])([H])[H],98.07316494,0.5,1.5415999999999999,,,
[H]c1sc([H])c([H])c1[H],84.003371128,0.0,1.7481,,,
[H][C]([N]OC([H])([H])[H])C([H])([H])C([H])=O,101.047678464,0.5,-0.09701000000000004,,,
[H]C1=C([H])C(C([H])([H])[H])(C([H])([H])[H])OC1([H])[H],98.07316494,0.6666666666666666,1.3514,,,
[H]C(=O)C(C([H])=O)=C([H])C([H])([H])[H],98.036779432,0.2,0.3304999999999999,,,
[H]OC([H])([H])[C@@]1(C([H])([H])C([H])([H])[H])OC1([H])[H],102.06807956,1.0,0.15769999999999995,,,
[H]C#CC([H])([H])N(C([H])=O)N([H])[H],98.048012812,0.25,-1.0483,,,
[H]O[C@@]1([H])C([H])([H])C([H])([H])[C@]([H])(N([H])[H])C1([H])[H],101.084063972,1.0,-0.14150000000000013,,,
[H]c1c(C#N)c([H])n([H])c1[H],92.037448128,0.0,0.88638,,,
[H]C([H])([H])C([H])(C([H])([H])[H])C1(C([H])([H])[H])C([H])([H])C1([H])[H],98.109550448,1.0,2.442500000000001,,,
[H]C#C[C@@]([H])(O[H])C([H])([H])C([H])=O,98.036779432,0.4,-0.4305000000000001,,,
[H]O[N][C]([H])C#CC([H])=C([H])[H],95.03711378,0.0,0.33119000000000004,,,
[H]O/N=C1\C([H])=C([H])C([H])([H])C1([H])[H],97.052763844,0.4,1.1666,,,
[H]O[C@@]1([H])C([H])=C([H])C([H])([H])[C@]1([H])C([H])([H])[H],98.07316494,0.6666666666666666,0.9432999999999999,,,
[H]C([H])=C([H])C([H])([H])C([H])([H])[H],56.062600255999996,0.5,1.5824,,,
[H]C1=NOC([H])([H])OC([H])=C1[H],99.0320284,0.25,0.4902000000000001,,,
[H]Oc1snc([H])c1C([H])([H])[H],115.00918478,0.25,1.1571200000000001,,,
[H]C(=O)[C@@]1([H])N([H])[C@]1([H])C([H])=C([H])[H],97.052763844,0.4,-0.2883000000000002,,,
[H]C(=O)c1oc([H])c([H])c1[H],96.021129368,0.0,1.0921,,,
[H]C1([H])O[C@@]2([H])C([H])([H])[C@@]2(C([H])([H])[H])C1([H])[H],98.07316494,1.0,1.1853,,,
[H]C#CC([H])([H])N([H])C(=O)N([H])[H],98.048012812,0.25,-0.7121,,,
[H]C1([H])N2C([H])([H])[C@@]2([H])[C@]2([H])C([H])([H])[C@]12[H],95.073499288,1.0,0.3202999999999999,,,
[H]C([H])=C([H])/C([H])=C(\[H])C(=C([H])[H])C([H])([H])[H],94.07825032,0.14285714285714285,2.3047000000000004,,,
[H][C]([H])[N]OC([H])([H])C([H])([H])C#N,98.048012812,0.5,0.22766999999999993,,,
[H]OC([H])([H])C(OC([H])([H])[H])(C([H])([H])[H])C([H])([H])[H],104.083729624,1.0,0.40369999999999995,,,
[H]C([H])([H])C(=C(C([H])([H])[H])C([H])([H])C([H])([H])[H])C([H])([H])[H],98.109550448,0.7142857142857143,2.752700000000001,,,
[H]C([H])([H])[C@@]1([H])C([H])([H])[C@]1([H])C([H])([H])[H],70.07825032,1.0,1.6622999999999999,,,
[H]N([H])C1([H])C([H])([H])C([H])([H])C([H])([H])C1([H])[H],85.08914935199999,1.0,0.8876999999999999,,,
[H]N([H])C(=O)OC([H])([H])C([H])([H])C([H])([H])[H],103.063328528,0.75,0.4917000000000001,,,
[H]/C(OC([H])([H])[H])=C(/[H])C([H])([H])N([H])[H],87.068413908,0.5,0.10520000000000007,,,
[H]C([H])([H])C([H])([H])N1C([H])([H])C1([H])[H],71.073499288,1.0,0.32189999999999996,,,
[H][C]([H])[N][N][C]([H])OC([H])=C([H])[H],98.048012812,0.0,0.1811799999999999,,,
[H]N(C([H])([H])[H])C([H])([H])C([H])([H])C([H])([H])C([H])([H])C([H])([H])[H],101.12044947999999,1.0,1.396,,,
[H]C([H])=C([H])C([H])([H])N([H])C(=O)N([H])[H],100.063662876,0.25,-0.1592999999999999,,,
[H]C([H])=C([H])C(=O)C([H])(C([H])([H])[H])C([H])([H])[H],98.07316494,0.5,1.3975,,,
[H]C(=O)[C@@]1([H])C([H])=NOC1([H])[H],99.0320284,0.5,-0.1825000000000001,,,
[H]C1=C([H])[C@]([H])(C([H])([H])[H])C([H])([H])C1([H])[H],82.07825032,0.6666666666666666,1.9725,,,
[H]O/N=C(\C([H])([H])[H])C1([H])C([H])([H])C1([H])[H],99.068413908,0.8,1.2465,,,
[H]C([H])([H])C([H])(C([H])([H])[H])[C@]1([H])OC1([H])[H],86.07316494,1.0,1.0412,,,
[H]OC([H])([H])C(=C(C([H])([H])[H])C([H])([H])[H])C([H])([H])[H],100.088815004,0.6666666666666666,1.335,,,
[H]c1sc(N([H])[H])c(N([H])[H])c1[H],114.02516919199999,0.0,0.9125000000000001,,,
[H]C([H])([H])C([H])([H])C1([H])C([H])([H])C1([H])[H],70.07825032,1.0,1.8064,,,
[H]C1=C(C([H])([H])[H])C(C([H])([H])[H])=C([H])C1([H])[H],94.07825032,0.42857142857142855,2.2827,,,
[H]C#CC#CC([H])([H])OC([H])([H])[H],94.041864812,0.3333333333333333,0.2694,,,
[H]C1=C([H])C([H])([H])[C@@]2([H])N([H])[C@]2([H])C1([H])[H],95.073499288,0.6666666666666666,0.6768000000000001,,,
[H]C([H])=C1OC(=O)C([H])=C1[H],96.021129368,0.0,0.6131,,,
[H]/C(=C(/[H])C([H])([H])N([H])[H])C([H])([H])[H],71.073499288,0.5,0.5212000000000001,,,
[H]OC([H])([H])[C@]1([H])N([H])C([H])([H])C1([H])[H],87.068413908,1.0,-0.6594,,,
[H]C(=O)C([H])([H])C1([H])C([H])([H])C1([H])[H],84.057514876,0.8,0.9854,,,
[H]/C(OC([H])([H])[H])=C(\C#N)C([H])([H])[H],97.052763844,0.4,1.06018,,,
[H]C(=O)C([H])([H])N([H])C([H])([H])[H],73.052763844,0.6666666666666666,-0.5952999999999999,,,
[H]O[C@]([H])(C([H])([H])[H])[C@]1(C([H])([H])[H])OC1([H])[H],102.06807956,1.0,0.1560999999999999,,,
[H]C#C[C@@]1([H])[C@]([H])(N([H])[H])[C@]1([H])N([H])[H],96.06874825599999,0.6,-1.0959999999999994,,,
[H]N1C([H])([H])[C@]([H])(C([H])([H])[H])C([H])([H])[C@@]1([H])C([H])([H])[H],99.10479941599999,1.0,1.0043,,,
[H]C([H])=C([H])C([H])([H])N([H])C(=S)N([H])[H],116.04081925599999,0.25,0.005600000000000216,,,
[H]OC([H])([H])C([H])([H])C([H])([H])C([H])([H])C([H])=C([H])[H],100.088815004,0.6666666666666666,1.335,,,
[H][C]([N]OC([H])([H])C([H])([H])C([H])([H])[H])C([H])([H])[H],101.084063972,0.8,1.11409,,,
[H]C([H])=C([H])OC([H])([H])[C@]([H])(N([H])[H])C([H])([H])[H],101.084063972,0.6,0.4936999999999999,,,
[H]OC([H])([H])C1(N([H])[H])C([H])([H])OC1([H])[H],103.063328528,1.0,-1.2935999999999996,,,
[H][C]([N]OC([H])([H])[H])C([H])([H])C([H])([H])[H],87.068413908,0.75,0.7239899999999999,,,
[H]O[C@@]1([H])C([H])([H])[C@]1([H])N([H])C([H])=O,101.047678464,0.75,-1.1344000000000003,,,
[H]C#CC([H])([H])[C]([H])[N]OC([H])([H])[H],97.052763844,0.4,0.33729,,,
[H]N([H])[C@@]1([H])C([H])([H])N([H])[C@@]2([H])C([H])([H])[C@@]12[H],98.08439831999999,1.0,-0.6946000000000001,,,
[H]C([H])([H])C([H])([H])C([H])([H])C1([H])C([H])([H])C1([H])[H],84.093900384,1.0,2.1965000000000003,,,
[H]C1([H])C([H])([H])C1([H])[C@]1([H])OC1([H])[H],84.057514876,1.0,0.7952,,,
[H][C]([N]OC([H])([H])C([H])([H])N([H])[H])C([H])([H])[H],102.07931294,0.75,-0.33721000000000023,,,
[H]C(=O)O/C([H])=C(\[H])C([H])([H])N([H])[H],101.047678464,0.25,-0.3682,,,
[H]C#CC1(N([H])[H])C([H])([H])N([H])C1([H])[H],96.06874825599999,0.6,-1.0796999999999999,,,
[H]C([H])=C([H])C1([H])C([H])([H])N([H])C1([H])[H],83.073499288,0.6,0.3918,,,
[H]C1=C([H])C([H])([H])C(C([H])([H])[H])=C1C([H])([H])[H],94.07825032,0.42857142857142855,2.2827,,,
[H]N([H])[C@]1([H])[C@@]([H])(C([H])([H])[H])C([H])([H])[C@]1([H])N([H])[H],100.10004838399999,1.0,-0.3192000000000003,,,
[H]C(=O)/C([H])=C(\[H])C([H])([H])C#N,95.03711378,0.2,0.6551799999999999,,,
[H][C]([H])[N][N]/C(=C(\[H])[C]([H])[H])C([H])([H])[H],96.06874825599999,0.2,0.6396799999999999,,,
[H]C([H])=C([H])C([H])([H])[C@]([H])(N([H])[H])C([H])([H])C([H])([H])[H],99.10479941599999,0.6666666666666666,1.2998,,,
[H]C([H])=C([H])[C@]1([H])N([H])C(=O)C1([H])[H],97.052763844,0.4,0.0608999999999999,,,
[H]O[C@]([H])(C([H])([H])[H])[C@]1([H])N(C([H])([H])[H])C1([H])[H],101.084063972,1.0,-0.3188,,,
[H]C1([H])C([H])([H])S(=O)(=O)C1([H])[H],106.008850432,1.0,-0.19509999999999994,,,
[H]/C(OC([H])([H])[H])=C(/[H])C(=O)N([H])[H],101.047678464,0.25,-0.3682,,,
[H]C1=C(C([H])([H])[H])C([H])([H])C([H])([H])C1=O,96.057514876,0.5,1.2956,,,
[H]OC1([H])C([H])([H])C(=O)C1([H])[H],86.036779432,0.75,-0.28980000000000006,,,
[H]c1c(C([H])([H])[H])oc(=O)n1[H],99.0320284,0.25,0.27631999999999995,,,
[H]O[C@]1(C([H])([H])N([H])[H])C([H])([H])[C@]1([H])C([H])([H])[H],101.084063972,1.0,-0.28400000000000025,,,
[H]C([H])=C([H])C(=C([H])[H])C([H])([H])C([H])([H])N([H])[H],97.08914935199999,0.3333333333333333,1.0774,,,
[H]C(=O)C#CC([H])([H])C([H])=C([H])[H],94.041864812,0.16666666666666666,0.7647999999999999,,,
[H]OC([H])([H])C([H])([H])C([H])([H])C(=C([H])[H])C([H])([H])[H],100.088815004,0.6666666666666666,1.335,,,
[H]C([H])([H])C(=C(C([H])([H])[H])C([H])([H])[H])C([H])([H])[H],84.093900384,0.6666666666666666,2.3626000000000005,,,
[H]C(=O)C([H])([H])C([H])([H])C(=O)N([H])[H],101.047678464,0.5,-0.5492000000000001,,,
[H]C1=NOC([H])([H])C(=O)C1([H])[H],99.0320284,0.5,-0.03839999999999988,,,
[H]C([H])=C([H])C(=C([H])[H])C([H])([H])[H],68.062600256,0.2,1.7485,,,
[H]OC(C([H])([H])[H])(C([H])([H])[H])C([H])([H])[H],74.07316494,1.0,0.7772,,,
[H]O[C@@]1([H])[C@]([H])(N([H])[H])[C@]1([H])N([H])C([H])([H])[H],102.07931294,1.0,-1.7237999999999996,,,
[H]C([H])([H])C([H])([H])C([H])([H])C([H])([H])[C@]1([H])OC1([H])[H],100.088815004,1.0,1.5754000000000001,,,
[H]N1C(=O)C([H])([H])C(=O)C1([H])[H],99.0320284,0.5,-0.9246000000000003,,,
[H]C([H])([H])N1C([H])([H])C([H])([H])[C@]1([H])C([H])([H])C([H])([H])[H],99.10479941599999,1.0,1.1005,,,
[H]C#C[C@@]([H])(C#N)O[H],81.021463716,0.25,-0.49591999999999997,,,
[H]C(=O)O/C(=C(\[H])C([H])([H])[H])C([H])([H])[H],100.052429496,0.4,1.0831,,,
[H]c1c([H])c(C#N)n([H])c1[H],92.037448128,0.0,0.88638,,,
[H]C([H])([H])C([H])([H])OC([H])([H])C([H])([H])[H],74.07316494,1.0,1.0428000000000002,,,
[H]C#CC([H])([H])OC([H])=C([H])[H],82.041864812,0.2,0.7797,,,
[H]N(C([H])([H])[H])[C@]([H])(C(=O)C([H])([H])[H])C([H])([H])[H],101.084063972,0.8,0.18329999999999957,,,
[H]c1oc([H])c([H])c(=O)c1[H],96.021129368,0.0,0.6398,,,
[H]C([H])=C(C#N)C([H])([H])OC([H])([H])[H],97.052763844,0.4,0.71258,,,
[H]C1=C([H])[C@]2([H])O[C@]([H])(C1([H])[H])C2([H])[H],96.057514876,0.6666666666666666,1.1038,,,
[H]C([H])([H])C#C[C@@]([H])(OC([H])([H])[H])C([H])([H])[H],98.07316494,0.6666666666666666,1.0446,,,
[H]C1([H])N2C([H])([H])C([H])(C2([H])[H])C1([H])[H],83.073499288,1.0,0.32189999999999996,,,
[H]C([H])=C([H])C([H])([H])[C@@]([H])(C([H])([H])[H])C([H])([H])N([H])[H],99.10479941599999,0.6666666666666666,1.1573,,,
[H]N([H])[C@]([H])(C([H])([H])[H])C1([H])C([H])([H])OC1([H])[H],101.084063972,1.0,-0.02000000000000024,,,
[H]C1=NOC([H])([H])C([H])([H])OC1([H])[H],101.047678464,0.75,0.019000000000000017,,,
[H]C([H])=C1C([H])([H])C([H])([H])[C@]([H])(N([H])[H])C1([H])[H],97.08914935199999,0.6666666666666666,1.0538,,,
[H]N1N=C(C([H])([H])[H])OC([H])([H])C1([H])[H],100.063662876,0.75,-0.06040000000000001,,,
[H]/C(=C(/[H])[C@@]1([H])C([H])([H])[C@]1([H])C([H])([H])[H])C([H])([H])[H],96.093900384,0.7142857142857143,2.2184999999999997,,,
[H]OC([H])([H])/C(=C(/[H])C([H])([H])[H])C([H])([H])C([H])([H])[H],100.088815004,0.6666666666666666,1.335,,,
[H]C([H])=C(C([H])([H])N([H])[H])C1([H])C([H])([H])C1([H])[H],97.08914935199999,0.6666666666666666,0.9113000000000001,,,
[H]O[C@]([H])(C([H])([H])[H])[C@]([H])(C([H])([H])[H])C([H])([H])C([H])([H])[H],102.104465068,1.0,1.4133,,,
[H]C([H])=C([H])C1=NC([H])([H])C([H])([H])N1[H],96.06874825599999,0.4,0.17409999999999998,,,
[H]N([H])C(=O)C#CC([H])([H])C([H])([H])[H],97.052763844,0.4,-0.11490000000000022,,,
[H]O[C@]1(C([H])([H])N([H])[H])C([H])([H])[C@]1([H])O[H],103.063328528,1.0,-1.5592,,,
[H]C([H])([H])C12C([H])([H])N(C([H])([H])C1([H])[H])C2([H])[H],97.08914935199999,1.0,0.712,,,
[H]N([H])C(=O)C([H])([H])C#CC([H])([H])[H],97.052763844,0.4,-0.11490000000000022,,,
[H]C([H])([H])C(=O)C([H])([H])C1([H])C([H])([H])C1([H])[H],98.07316494,0.8333333333333334,1.3755,,,
[H]C1=NN(C([H])([H])[H])C([H])([H])C([H])([H])O1,100.063662876,0.75,-0.10830000000000006,,,
[H]C(=O)/C(OC([H])([H])[H])=C(/[H])C([H])([H])[H],100.052429496,0.4,0.7354999999999999,,,
[H]C(=O)[C@@]1([H])C([H])=C([H])C([H])([H])C1([H])[H],96.057514876,0.5,1.1515,,,
[H]ON([H])C(=O)C1([H])C([H])([H])C1([H])[H],101.047678464,0.75,-0.09820000000000051,,,
[H]O/N=C(/OC([H])([H])C([H])([H])[H])C([H])([H])[H],103.063328528,0.75,0.8305,,,
[H]/C(=C(/[H])C([H])([H])C(=O)N([H])[H])C([H])([H])[H],99.068413908,0.4,0.43790000000000007,,,
[H]C([H])=C([H])[C@]1([H])N(C([H])([H])[H])C([H])([H])C1([H])[H],97.08914935199999,0.6666666666666666,0.8765,,,
[H]Oc1sc(N([H])[H])c([H])c1[H],115.00918478,0.0,1.0359,,,
[H]C(=O)N(N([H])C([H])([H])C([H])([H])[H])C([H])([H])[H],102.07931294,0.75,-0.40090000000000026,,,
[H]C(=O)[C@@]([H])(C(=C([H])[H])C([H])([H])[H])C([H])([H])[H],98.07316494,0.5,1.3975,,,
[H]OC([H])([H])/C([H])=C(\[H])C#N,83.03711378,0.25,0.058479999999999976,,,
[H]C(=O)[C@]([H])(C([H])([H])[H])[C@]1([H])N([H])C1([H])[H],99.068413908,0.8,-0.20680000000000004,,,
[H]N([H])C([H])([H])C1=NOC([H])([H])C1([H])[H],100.063662876,0.75,-0.27859999999999996,,,
[H]C1=NN([H])C([H])([H])[C@@]1([H])C([H])([H])[H],84.06874825599999,0.75,0.21150000000000002,,,
[H]C(=O)N(N(C([H])([H])[H])C([H])([H])[H])C([H])([H])[H],102.07931294,0.75,-0.4488000000000001,,,
[H]C1=C([H])[C@]([H])(N([H])[H])C(C([H])([H])[H])=C1[H],95.073499288,0.3333333333333333,0.8298000000000001,,,
[H]C1=NOC([H])([H])C1([H])[H],71.03711378,0.6666666666666666,0.39250000000000007,,,
[H]C(=O)N(C([H])=O)C([H])=C([H])[H],99.0320284,0.0,-0.2553000000000001,,,
[H]N1C([H])([H])C([H])([H])OC([H])([H])C([H])([H])C1([H])[H],101.084063972,1.0,-0.0037000000000002586,,,
[H]c1c(C([H])([H])[H])c([H])n([H])c1C([H])([H])[H],95.073499288,0.3333333333333333,1.63154,,,
[H]C#CC(=O)C([H])([H])C([H])=O,96.021129368,0.2,-0.22229999999999994,,,
[H][C](C#CC([H])([H])C([H])([H])[H])[N]N([H])[H],96.06874825599999,0.4,0.039690000000000114,,,
[H]C([H])=C([H])[C@]([H])(C([H])([H])[H])C([H])([H])C([H])([H])C([H])([H])[H],98.109550448,0.7142857142857143,2.608600000000001,,,
[H]/N=C(\N([H])O[H])C([H])([H])C([H])=C([H])[H],100.063662876,0.25,0.5185700000000001,,,
[H]OC([H])([H])c1noc([H])c1[H],99.0320284,0.25,0.16690000000000005,,,
[H]C1([H])N2C([H])([H])C([H])([H])[C@@]2([H])C([H])([H])C1([H])[H],97.08914935199999,1.0,0.8545,,,
[H]C([H])=C(C#N)C#CC([H])([H])[H],91.04219916,0.16666666666666666,1.08948,,,
[H]C([H])([H])OC([H])([H])[H],46.041864812,1.0,0.26260000000000006,,,
[H]C#CC([H])([H])C([H])([H])C([H])([H])[H],68.062600256,0.6,1.4197,,,
[H]c1c(C([H])([H])[H])c(C([H])([H])[H])c([H])n1[H],95.073499288,0.3333333333333333,1.63154,,,
[H]N1C(=S)N([H])[C@@]([H])(C([H])([H])[H])C1([H])[H],116.04081925599999,0.75,-0.1474000000000002,,,
[H]C1([H])C([H])([H])C1([H])[C@@]1(C([H])([H])[H])OC1([H])[H],98.07316494,1.0,1.1853,,,
[H]C([H])=C([H])C(C([H])=C([H])[H])=C([H])C([H])([H])[H],94.07825032,0.14285714285714285,2.3047000000000004,,,
[H]C(=O)c1sc([H])c([H])c1[H],111.998285748,0.0,1.5606,,,
[H]C([H])([H])[C@@]1([H])C([H])([H])O[C@]1([H])C([H])([H])[H],86.07316494,1.0,1.0412,,,
[H]C1([H])OC([H])([H])[C@]2([H])OC([H])([H])[C@@]12[H],100.052429496,1.0,0.03160000000000007,,,
[H]N([H])C([H])([H])[C@@]1([H])C([H])([H])[C@]1([H])N([H])[H],86.08439831999999,1.0,-0.7077,,,
[H]C1([H])OC([H])([H])C([H])([H])C([H])([H])OC1([H])[H],102.06807956,1.0,0.4233,,,
[H]C(=O)[C@@]1([H])N([H])[C@]1([H])C([H])=O,99.0320284,0.5,-1.2754000000000003,,,
[H]C#CC1(O[H])C([H])([H])OC1([H])[H],98.036779432,0.6,-0.6191,,,
[H]C#C[C@@]([H])(OC([H])([H])[H])C([H])=C([H])[H],96.057514876,0.3333333333333333,0.8206,,,
[H]N([H])C(=O)C([H])([H])C([H])([H])C([H])([H])[H],87.068413908,0.75,0.2717999999999996,,,
[H]C1=C([H])C([H])([H])N([H])N=C1C([H])([H])[H],96.06874825599999,0.4,0.5217,,,
[H]OC([H])([H])C([H])([H])N([H])C([H])([H])C([H])([H])[H],89.084063972,1.0,-0.41180000000000017,,,
[H]C(=O)OC([H])([H])C([H])([H])C([H])([H])N([H])[H],103.063328528,0.75,-0.49179999999999996,,,
[H]C#CC(C#C[H])=NO[H],93.021463716,0.0,0.08300000000000002,,,
[H]C([H])=C(C#N)C([H])([H])C#N,92.037448128,0.2,0.97986,,,
[H]/N=C(/[H])N([H])C([H])([H])[C@]([H])(O[H])C([H])([H])[H],102.07931294,0.75,-0.43613000000000013,,,
[H]N([H])C([H])([H])C([H])([H])C([H])([H])[C@]([H])(N([H])[H])C([H])([H])[H],102.11569844799999,1.0,0.07250000000000029,,,
[H]O[C@]([H])(C#N)C([H])([H])C([H])=C([H])[H],97.052763844,0.4,0.44697999999999993,,,
[H]O/N=C1\C([H])=C([H])OC1([H])[H],99.0320284,0.25,0.3605,,,
[H]C([H])([H])C1=NOC([H])([H])C([H])([H])C1([H])[H],99.068413908,0.8,1.1727,,,
[H]C([H])([H])OC(C#N)(C([H])([H])[H])C([H])([H])[H],99.068413908,0.8,0.9349799999999999,,,
[H]OC([H])([H])C(OC([H])([H])C([H])([H])[H])=C([H])[H],102.06807956,0.6,0.5288999999999999,,,
[H]OC([H])([H])C#CC([H])([H])C([H])([H])O[H],100.052429496,0.6,-0.6355000000000002,,,
[H]OC([H])([H])[C@@]([H])(C#N)N([H])C([H])([H])[H],100.063662876,0.75,-0.9097200000000001,,,
[H]C(=O)C(=O)/C([H])=C(\[H])C([H])([H])[H],98.036779432,0.2,0.3304999999999999,,,
[H]C([H])=C([H])C#CC#N,77.026549096,0.0,0.6993799999999999,,,
[H]N(C([H])([H])[H])C1([H])[C@@]([H])(C([H])([H])[H])[C@]1([H])C([H])([H])[H],99.10479941599999,1.0,0.8601999999999999,,,
[H]O[N]/C([H])=C(/C#N)[C]([H])[H],96.032362748,0.0,0.22157,,,
[H]C1([H])N2C([H])([H])C1([H])[C@]([H])(C([H])([H])[H])C2([H])[H],97.08914935199999,1.0,0.5679,,,
[H]C([H])([H])C1(C([H])([H])[H])C([H])([H])C1([H])[H],70.07825032,1.0,1.8064,,,
[H]c1c([H])c(C([H])([H])[H])n(C([H])([H])[H])c1[H],95.073499288,0.3333333333333333,1.33352,,,
[H]C([H])([H])C([H])([H])C([H])([H])C1([H])C([H])([H])C([H])([H])C1([H])[H],98.109550448,1.0,2.5866000000000007,,,
[H]N([H])[C@@]1([H])C([H])([H])C([H])([H])[C@@]2([H])C([H])([H])[C@]21[H],97.08914935199999,1.0,0.7435999999999998,,,
[H]C([H])([H])C([H])([H])OC([H])([H])[C@]1([H])OC1([H])[H],102.06807956,1.0,0.42169999999999996,,,
[H]OC([H])([H])C(N([H])[H])(C([H])([H])[H])C([H])([H])O[H],105.078978592,1.0,-1.3116,,,
[H]N([H])C(=O)C(N([H])[H])(C([H])([H])[H])C([H])([H])[H],102.07931294,0.75,-0.7910000000000004,,,
[H]N([H])[C@@]1([H])C([H])([H])O[C@@]2([H])C([H])([H])[C@]21[H],99.068413908,1.0,-0.26760000000000006,,,
[H]C([H])(C#N)C(=O)C([H])([H])C([H])([H])[H],97.052763844,0.6,0.8791800000000001,,,
[H]C(=O)C([H])([H])/C([H])=C(\[H])C([H])([H])[H],84.057514876,0.4,1.1515,,,
[H]/C(=C(/[H])S(=O)(=O)C([H])([H])[H])C([H])([H])[H],120.024500496,0.5,0.5646,,,
[H]C([H])=C1C([H])=C([H])C([H])([H])OC1([H])[H],96.057514876,0.3333333333333333,1.1289999999999998,,,
[H]C([H])([H])N1C([H])([H])[C@]2([H])C([H])([H])[C@@]1([H])C2([H])[H],97.08914935199999,1.0,0.7104,,,
[H]OC([H])([H])[C@@]1([H])C([H])([H])[C@]1([H])C([H])=O,100.052429496,0.8,-0.18630000000000013,,,
[H]/C(=C(/[H])[C@@]([H])(OC([H])([H])[H])C([H])([H])[H])C([H])([H])[H],100.088815004,0.6666666666666666,1.5974,,,
[H]C(=O)[C@@]1([H])N([H])[C@]1([H])C#N,96.032362748,0.5,-0.9507200000000002,,,
[H]C(=O)/C(=C(\[H])OC([H])([H])[H])C([H])([H])[H],100.052429496,0.4,0.7354999999999999,,,
[H]O/N=C1\C([H])=C([H])C([H])([H])N1[H],98.048012812,0.25,-0.06649999999999995,,,
[H]O[C@@]1([H])C([H])=C([H])C([H])([H])N([H])C1([H])[H],99.068413908,0.6,-0.4933000000000003,,,
[H]OC([H])([H])C1=C([H])C([H])=C([H])C1([H])[H],96.057514876,0.3333333333333333,0.865,,,
[H]C#CC(=O)C([H])=C([H])[H],80.026214748,0.0,0.37470000000000003,,,
[H]OC([H])([H])[C@]([H])(OC([H])([H])[H])C([H])=C([H])[H],102.06807956,0.6,0.17969999999999997,,,
[H]C([H])=C([H])OC([H])([H])C([H])([H])N([H])[H],87.068413908,0.5,0.10520000000000007,,,
[H][C]([H])[N][N][C]([H])OC([H])([H])C([H])([H])[H],100.063662876,0.5,0.057579999999999854,,,
[H]OC([H])([H])[C@@]([H])(C(=C([H])[H])C([H])([H])[H])C([H])([H])[H],100.088815004,0.6666666666666666,1.1908999999999998,,,
[H]C#C[C@@]1([H])OC([H])([H])[C@]1([H])C([H])([H])[H],96.057514876,0.6666666666666666,0.6545,,,
[H]O[C@@]1(C([H])([H])[H])C([H])([H])[C@]1([H])OC([H])([H])[H],102.06807956,1.0,0.1560999999999999,,,
[H]C([H])([H])C([H])(C([H])([H])[H])C1([H])C([H])([H])OC1([H])[H],100.088815004,1.0,1.2888,,,
[H]N1C([H])([H])[C@@]2([H])C([H])([H])[C@@]2(N([H])[H])C1([H])[H],98.08439831999999,1.0,-0.6929999999999998,,,
[H]C([H])([H])OC([H])([H])C([H])(C([H])([H])[H])C([H])([H])[H],88.088815004,1.0,1.2888000000000002,,,
[H]O/N=C(\C([H])([H])[H])C([H])(C([H])([H])[H])C([H])([H])[H],101.084063972,0.8,1.4925,,,
[H]C1=NN=C([H])C1([H])C([H])([H])[H],82.053098192,0.5,0.6927000000000001,,,
[H]c1c(C([H])([H])[H])c([H])n(C([H])([H])[H])c1[H],95.073499288,0.3333333333333333,1.33352,,,
[H]O[C@]1(C([H])([H])[H])C([H])=NN([H])C1([H])[H],100.063662876,0.75,-0.6736000000000002,,,
[H]C1=C([H])C([H])([H])C([H])([H])C([H])([H])C([H])([H])O1,98.07316494,0.6666666666666666,1.7006,,,
[H][N][C]([H])N1C([H])([H])[C@]1([H])C([H])=O,98.048012812,0.5,-0.7283100000000002,,,
[H]C(=O)C([H])([H])N([H])C([H])([H])C([H])([H])C([H])([H])[H],101.084063972,0.8,0.18489999999999984,,,
[H]N(C([H])([H])[H])C([H])([H])C1([H])C([H])([H])C1([H])[H],85.08914935199999,1.0,0.6157999999999999,,,
[H]/C(OC([H])([H])OC([H])([H])[H])=C(/[H])C([H])([H])[H],102.06807956,0.6,1.1405,,,
[H]O[C@]([H])(C([H])([H])[H])C1([H])C([H])([H])C([H])([H])C1([H])[H],100.088815004,1.0,1.1673,,,
[H]C([H])=C([H])[C@@]1([H])C([H])([H])N([H])[C@]1([H])C([H])([H])[H],97.08914935199999,0.6666666666666666,0.7803,,,
[H]C1([H])OC([H])([H])C([H])(C([H])([H])[H])C([H])([H])O1,102.06807956,1.0,0.6268,,,
[H]C([H])=C1C(=O)OC([H])([H])C1([H])[H],98.036779432,0.4,0.48949999999999994,,,
[H][N][C]1N([H])[C@]2([H])C([H])([H])[C@@]1([H])C2([H])[H],96.06874825599999,0.8,0.14058999999999955,,,
[H]C1=C([H])C([H])([H])[C@]([H])(C([H])([H])[H])C([H])([H])O1,98.07316494,0.6666666666666666,1.5565,,,
[H]C#CC([H])([H])/C([H])=C(\[H])OC([H])([H])[H],96.057514876,0.3333333333333333,1.1698,,,
[H]O[C@]1([H])C([H])([H])N2C([H])([H])[C@@]2([H])C1([H])[H],99.068413908,1.0,-0.5648,,,
[H]C#CC1(C([H])([H])[H])C([H])([H])OC1([H])[H],96.057514876,0.6666666666666666,0.6561,,,
[H]C(=O)[C@@]([H])(OC([H])([H])C([H])([H])[H])C([H])([H])[H],102.06807956,0.8,0.6103,,,
[H]c1sc([H])c(C([H])([H])N([H])[H])c1[H],113.029920224,0.2,1.2068,,,
[H]OC([H])([H])[C@]([H])(C([H])([H])[H])C([H])([H])C([H])([H])N([H])[H],103.099714036,1.0,-0.03639999999999988,,,
[H]OC([H])([H])[C@]([H])(O[H])C([H])([H])C([H])([H])C([H])([H])[H],104.083729624,1.0,0.13969999999999994,,,
[H]C([H])=C1C(C([H])([H])[H])=C([H])C([H])([H])C1([H])[H],94.07825032,0.42857142857142855,2.2827,,,
[H]C1=C([H])C([H])([H])N([H])N([H])C1=O,98.048012812,0.25,-0.8230000000000002,,,
[H]C1=NOC([H])([H])C([H])([H])C([H])([H])C1([H])[H],99.068413908,0.8,1.1727,,,
[H]N([H])[C@]([H])(C([H])([H])[H])[C@@]1([H])C([H])([H])[C@]1([H])C([H])([H])[H],99.10479941599999,1.0,0.9895999999999998,,,
[H]/C(C#CC([H])([H])N([H])[H])=C(/[H])C([H])([H])[H],95.073499288,0.3333333333333333,0.5246000000000002,,,
[H]C([H])=C(C([H])([H])[H])C([H])([H])N1C([H])([H])C1([H])[H],97.08914935199999,0.6666666666666666,0.8781,,,
[H][C]([N]C([H])([H])C([H])([H])[H])N([H])C([H])=O,100.063662876,0.5,-0.5240100000000001,,,
[H]O[C@]([H])(C([H])([H])[H])[C@@]1([H])C([H])([H])[C@]1([H])C([H])([H])[H],100.088815004,1.0,1.0232,,,
[H]N1C(=O)C(C([H])([H])[H])(C([H])([H])[H])C1([H])[H],99.068413908,0.8,0.14239999999999986,,,
[H]OC(C([H])([H])[H])(C([H])([H])C([H])([H])[H])C([H])([H])C([H])([H])[H],102.104465068,1.0,1.5574,,,
[H]C(=O)N([H])OC([H])([H])C([H])=C([H])[H],101.047678464,0.25,-0.15000000000000013,,,
[H][C]([N]N(C([H])([H])[H])C([H])([H])C([H])([H])[H])C([H])([H])[H],100.10004838399999,0.8,0.6391899999999999,,,
[H]O[C@]([H])(/C([H])=C(\[H])C([H])([H])[H])C([H])([H])N([H])[H],101.084063972,0.6,-0.1179,,,
[H]N(C([H])([H])[H])C([H])([H])C([H])([H])OC([H])([H])[H],89.084063972,1.0,-0.14780000000000015,,,
[H]C([H])([H])OC([H])([H])OC1([H])C([H])([H])C1([H])[H],102.06807956,1.0,0.7693000000000001,,,
[H]N([H])[C@]([H])(C([H])([H])[H])[C@]([H])(C([H])([H])[H])C([H])([H])C([H])([H])[H],101.12044947999999,1.0,1.3797,,,
[H]C#C/C([H])=C(\[H])C(=O)C([H])([H])[H],94.041864812,0.16666666666666666,0.7647999999999999,,,
[H]C#C[C@]([H])(C([H])([H])[H])C([H])([H])OC([H])([H])[H],98.07316494,0.6666666666666666,0.9021,,,
[H]OC([H])([H])[C@]1([H])N([H])C(=O)C1([H])[H],101.047678464,0.75,-1.1328000000000003,,,
[H]C(=O)C1(C([H])([H])[H])C([H])([H])OC1([H])[H],100.052429496,0.8,0.2218,,,
[H]N([H])C([H])([H])[C@@]([H])(C#CC([H])([H])[H])N([H])[H],98.08439831999999,0.6,-0.7043000000000004,,,
[H][C]([N]OC([H])([H])C([H])([H])[H])C([H])=O,101.047678464,0.5,-0.09701000000000004,,,
[H]/C(=C(\C#N)OC([H])([H])[H])C([H])([H])[H],97.052763844,0.4,1.06018,,,
[H]C(=O)N([H])C([H])([H])C([H])([H])C#N,98.048012812,0.5,-0.35392,,,
[H]N1C(=S)N2C([H])([H])[C@]2([H])C1([H])[H],114.02516919199999,0.75,-0.4413,,,
[H]O/N=C(\C([H])([H])O[H])C([H])([H])C([H])([H])[H],103.063328528,0.75,0.21889999999999998,,,
[H]N1C([H])([H])C(=O)C([H])([H])C1([H])[H],85.052763844,0.75,-0.45120000000000005,,,
[H]C1=NN([H])C([H])([H])C([H])([H])C([H])([H])C1([H])[H],98.08439831999999,0.8,0.7457,,,
[H]C([H])([H])C([H])([H])C([H])([H])[C@@]1([H])O[C@]1([H])C([H])([H])[H],100.088815004,1.0,1.5737999999999999,,,
[H]C([H])=C(C([H])([H])[H])C([H])([H])[C@]1([H])N([H])C1([H])[H],97.08914935199999,0.6666666666666666,0.9244000000000001,,,
[H]N1C([H])([H])[C@]1([H])C([H])([H])C(=O)C([H])([H])[H],99.068413908,0.8,-0.06270000000000042,,,
[H]N1[C@]([H])(C([H])([H])[H])[C@@]1([H])C([H])([H])C([H])([H])C([H])([H])[H],99.10479941599999,1.0,1.1468,,,
[H]C([H])([H])C1(C([H])([H])[H])C(=O)C([H])([H])C1([H])[H],98.07316494,0.8333333333333334,1.3755,,,
[H]N([H])C([H])([H])C([H])([H])OC([H])([H])C([H])([H])[H],89.084063972,1.0,-0.018399999999999972,,,
[H]O[C@@]1([H])C([H])([H])[C@]1([H])C#CC([H])([H])[H],96.057514876,0.6666666666666666,0.39049999999999996,,,
[H]C#CC([H])(C#N)C#N,90.021798064,0.2,0.28296,,,
[H]C1=NN=C([H])C([H])([H])C([H])([H])C1([H])[H],96.06874825599999,0.6,1.2269,,,
[H]C([H])=C([H])C#CC([H])([H])C([H])([H])N([H])[H],95.073499288,0.3333333333333333,0.5246000000000001,,,
[H]C#C[C@]1([H])C([H])([H])[C@@]([H])(O[H])C1([H])[H],96.057514876,0.6666666666666666,0.3905,,,
[H]OC1(C([H])([H])[H])C([H])([H])C([H])([H])C([H])([H])C1([H])[H],100.088815004,1.0,1.3114,,,
[H]O[C@]([H])(C([H])([H])[H])C([H])([H])C(=C([H])[H])C([H])([H])[H],100.088815004,0.6666666666666666,1.3334,,,
[H]C([H])([H])N(C([H])([H])[H])C([H])([H])C1([H])C([H])([H])C1([H])[H],99.10479941599999,1.0,0.958,,,
[H][C]([H])[N]OC([H])([H])[C@]1([H])N([H])C1([H])[H],100.063662876,0.75,-0.7142100000000002,,,
[H]C#C[C]([H])[N]N1C([H])([H])C1([H])[H],94.053098192,0.4,-0.38361,,,
[H]O[C@]([H])(C(=O)C([H])([H])[H])C([H])=C([H])[H],100.052429496,0.4,0.12230000000000008,,,
[H]C([H])=C1C([H])([H])C([H])([H])C([H])([H])[C@]1([H])N([H])[H],97.08914935199999,0.6666666666666666,1.0538,,,
[H]C#CC([H])([H])N([H])/C(=N/[H])C([H])([H])[H],96.06874825599999,0.4,0.2063699999999999,,,
[H]C1=NN2C([H])([H])[C@@]2(C([H])([H])[H])C1([H])[H],96.06874825599999,0.8,0.45019999999999993,,,
[H]C1=C([H])OC([H])([H])C([H])([H])C([H])([H])O1,100.052429496,0.6,0.8945,,,
[H]C(=O)C1([H])C([H])=C([H])C([H])=C1[H],94.041864812,0.16666666666666666,0.9274999999999999,,,
[H]O[C@@]1([H])C([H])([H])[C@]1([H])N([H])[N][C]([H])[H],100.063662876,0.75,-0.9798100000000001,,,
[H]N([H])N=C(C([H])([H])C([H])([H])[H])C([H])([H])C([H])([H])[H],100.10004838399999,0.8,1.1211000000000002,,,
[H]C([H])=C(C(=O)C([H])([H])[H])C([H])([H])C([H])([H])[H],98.07316494,0.5,1.5415999999999999,,,
[H]C([H])([H])C#CC1([H])C([H])([H])C1([H])[H],80.062600256,0.6666666666666666,1.4197,,,
[H][C]([N]N([H])[H])C([H])([H])C([H])([H])C([H])([H])[H],86.08439831999999,0.75,0.4263899999999999,,,
[H]C#CC(=O)C([H])([H])C([H])([H])[H],82.041864812,0.4,0.5987,,,
[H]O[C@@]1([H])C([H])([H])[C@]1(C([H])([H])[H])C([H])([H])C([H])([H])[H],100.088815004,1.0,1.1673,,,
[H]OC([H])([H])[C@@]1(C([H])([H])[H])O[C@]1([H])C([H])([H])[H],102.06807956,1.0,0.15610000000000013,,,
[H]C(=O)C#C[C@]1([H])OC1([H])[H],96.021129368,0.4,-0.4125000000000001,,,
[H]c1c(C([H])([H])[H])n([H])n([H])c1=O,98.048012812,0.25,0.011419999999999986,,,
[H]C([H])([H])OC1([H])C([H])([H])C1([H])[H],72.057514876,1.0,0.7952,,,
[H]OC([H])([H])[C@@]1([H])C([H])=C([H])OC1([H])[H],100.052429496,0.6,0.13880000000000003,,,
[H]C#CC([H])([H])[C@]([H])(O[H])C([H])([H])N([H])[H],99.068413908,0.6,-0.6707000000000001,,,
[H]O[C@]1([H])C(C([H])([H])[H])(C([H])([H])[H])[C@@]1([H])O[H],102.06807956,1.0,-0.25199999999999995,,,
[H]O[N][C]([H])[C@@]1([H])C([H])([H])[C@]1([H])N([H])[H],100.063662876,0.75,-0.5110100000000002,,,
[H]C#CC(C#C[H])(N([H])[H])C([H])([H])[H],93.057849224,0.3333333333333333,-0.029799999999999993,,,
[H]O[C@@]1([H])C([H])=C([H])OC1([H])[H],86.036779432,0.5,-0.10880000000000001,,,
[H]N1C([H])([H])[C@]1([H])[C@@]1([H])O[C@]1([H])C([H])([H])[H],99.068413908,1.0,-0.25450000000000017,,,
[H]Oc1c([H])c(C([H])([H])[H])c([H])n1[H],97.052763844,0.2,1.02872,,,
[H]O[C@]([H])(C([H])([H])[H])[C@]([H])(C([H])=O)C([H])([H])[H],102.06807956,0.8,0.20219999999999994,,,
[H]OC([H])([H])C([H])([H])N([N][C]([H])[H])C([H])([H])[H],102.07931294,0.75,-0.77851,,,
[H]C([H])=C([H])OC([H])([H])OC([H])=C([H])[H],100.052429496,0.2,1.2641,,,
[H]C#C[C@@]([H])(C#N)OC([H])([H])[H],95.03711378,0.4,0.15818,,,
[H]N([H])C(=O)C([H])([H])OC([H])([H])C([H])([H])[H],103.063328528,0.75,-0.49180000000000024,,,
[H]O[C@@]([H])(C([H])=C([H])[H])C([H])([H])N([H])C([H])([H])[H],101.084063972,0.6,-0.2473000000000003,,,
[H]C1=NOC([H])([H])C([H])=C([H])O1,99.0320284,0.25,0.4902,,,
[H]C([H])([H])C1=C(C([H])([H])[H])C([H])([H])OC1([H])[H],98.07316494,0.6666666666666666,1.353,,,
[H]O[C@]1(C([H])([H])[H])C([H])([H])[C@]([H])(N([H])[H])C1([H])[H],101.084063972,1.0,-0.14150000000000013,,,
[H]C([H])([H])C#C[C@]1([H])N(C([H])([H])[H])C1([H])[H],95.073499288,0.6666666666666666,0.3237,,,
[H]OC([H])([H])C(=O)[C@]1([H])N([H])C1([H])[H],101.047678464,0.75,-1.4804000000000002,,,
[H]C(=O)[C@@]1([H])C([H])([H])[C@]1([H])OC([H])([H])[H],100.052429496,0.8,0.22019999999999995,,,
[H]C([H])=C([H])c1nn([H])c([H])c1[H],94.053098192,0.0,1.0527,,,
[H]C([H])=C([H])C#CC([H])=C([H])[H],78.046950192,0.0,1.3618,,,
[H]OC1([H])C([H])([H])C([H])=C([H])C1([H])[H],84.057514876,0.6,0.6973,,,
[H]C#C[C@]([H])(N([H])C([H])([H])[H])C([H])([H])C([H])([H])[H],97.08914935199999,0.6666666666666666,0.6175999999999999,,,
[H]OC([H])([H])[C@@]1([H])C([H])([H])[C@]1([H])C([H])([H])O[H],102.06807956,1.0,-0.39289999999999997,,,
[H]C([H])=C1C(=O)C([H])([H])OC1([H])[H],98.036779432,0.4,0.14189999999999992,,,
[H]N1C([H])([H])C1(C([H])([H])C([H])([H])[H])C([H])([H])C([H])([H])[H],99.10479941599999,1.0,1.1483999999999999,,,
[H]/N=C(/[H])N([H])[C@@]1([H])C([H])([H])[C@]1([H])C([H])([H])[H],98.08439831999999,0.8,0.5914699999999999,,,
[H]C([H])=C([H])/C(=N/OC([H])([H])[H])C([H])([H])[H],99.068413908,0.4,1.1946999999999999,,,
[H]C([H])([H])[C@]1([H])N2C([H])([H])[C@]2([H])C([H])([H])C1([H])[H],97.08914935199999,1.0,0.8529,,,
[H]C#C[C@@]([H])(C([H])([H])[H])C([H])([H])N([H])[H],83.073499288,0.6,0.21440000000000003,,,
[H]C#CC#CC(=O)C([H])([H])[H],92.026214748,0.16666666666666666,0.21199999999999997,,,
[H]C([H])([H])C#CC([H])([H])C([H])([H])C#N,93.057849224,0.5,1.31348,,,
[H]N1C([H])([H])[C@]1([H])[C@]([H])(C([H])([H])[H])C([H])([H])C([H])([H])[H],99.10479941599999,1.0,1.0043,,,
[H]/C(C#N)=C(/[H])C([H])([H])[H],67.04219916,0.25,1.08608,,,
[H]C1=C([H])[C@]([H])(N([H])C([H])([H])[H])C([H])([H])O1,99.068413908,0.6,0.1182999999999999,,,
[H]C1=C(C([H])([H])[H])C([H])([H])C([H])([H])C1([H])[H],82.07825032,0.6666666666666666,2.1166,,,
[H]C(=O)C([H])([H])OC([H])([H])C([H])=C([H])[H],100.052429496,0.4,0.3879,,,
[H]C1([H])OC([H])([H])[C@@]([H])(C([H])([H])[H])C1([H])[H],86.07316494,1.0,1.0428000000000002,,,
[H]C([H])=C(C([H])([H])[H])S(=O)(=O)C([H])([H])[H],120.024500496,0.5,0.5646,,,
[H]C([H])([H])OC([H])([H])C(C([H])([H])[H])(C([H])([H])[H])C([H])([H])[H],102.104465068,1.0,1.6789,,,
[H][C]([H])[N]N1C([H])([H])C(=O)C1([H])[H],98.048012812,0.5,-0.8179100000000001,,,
[H]C([H])([H])C([H])([H])C([H])([H])C([H])([H])C#N,83.073499288,0.8,1.70018,,,
[H]N([H])N1C(=O)C([H])([H])[C@]1([H])C([H])([H])[H],100.063662876,0.75,-0.5190999999999999,,,
[H]N1N=C(C#N)C([H])([H])C1([H])[H],95.04834715999999,0.5,-0.14071999999999996,,,
[H]OC([H])([H])C(C#N)=C([H])[H],83.03711378,0.25,0.058479999999999976,,,
[H]C([H])([H])C([H])([H])C([H])([H])C([C])([C])C([H])([H])[H],94.07825032,0.7142857142857143,1.96898,,,
[H]N([H])[C@]([H])(C([H])([H])[H])C([H])([H])C#CC([H])([H])[H],97.08914935199999,0.6666666666666666,0.7469999999999999,,,
[H]C#C/C(=C(\[H])C([H])([H])O[H])C([H])([H])[H],96.057514876,0.3333333333333333,0.5582,,,
[H]C#Cc1oc([H])c([H])c1[H],92.026214748,0.0,1.2609,,,
[H]N1C([H])([H])[C@]2([H])C([H])([H])C([H])([H])[C@@]1([H])C2([H])[H],97.08914935199999,1.0,0.7583,,,
[H]N(C([H])([H])[H])C1(C([H])([H])[H])C([H])([H])C([H])([H])C1([H])[H],99.10479941599999,1.0,1.1483999999999999,,,
[H]C(=O)/C(OC([H])([H])[H])=C(/[H])N([H])[H],101.047678464,0.25,-0.3682,,,
[H]O[C@]([H])(C([H])([H])[H])C([H])([H])N(C([H])([H])[H])C([H])([H])[H],103.099714036,1.0,-0.07119999999999993,,,
[H]C([H])([H])[C@@]1([H])C([H])([H])[C@]1([H])C([H])([H])C#N,95.073499288,0.8333333333333334,1.55608,,,
[H]O[N][C]([H])[C@@]([H])(C#N)C([H])([H])[H],98.048012812,0.5,0.30146999999999996,,,
[H]c1nn([H])c([H])c1C([H])([H])[H],82.053098192,0.25,0.71812,,,
[H]C1=C([H])[C@@]2([H])O[C@]1([H])C2([H])[H],82.041864812,0.6,0.7137,,,
[H]ON(/C(=N/C([H])([H])[H])C([H])([H])[H])C([H])([H])[H],102.07931294,0.75,0.3555999999999999,,,
[H]C([H])([H])OC1=NOC([H])([H])C1([H])[H],101.047678464,0.75,0.3665999999999999,,,
[H]/N=C(/[H])N([H])C([H])([H])C([H])=C([H])[H],84.06874825599999,0.25,0.36907000000000006,,,
[H]C1=NOC(=O)C1=C([H])[H],97.016378336,0.0,0.08520000000000005,,,
[H]N([H])[C@]([H])(C([H])([H])[H])C([H])([H])C([H])([H])C([H])([H])C([H])([H])[H],101.12044947999999,1.0,1.5238,,,
[H]N([H])C([H])([H])[C@@]([H])(N([H])C([H])([H])[H])C([H])([H])C([H])([H])[H],102.11569844799999,1.0,-0.056900000000000395,,,
[H]C(=O)/C([H])=C(\[H])[C@]1([H])OC1([H])[H],98.036779432,0.4,0.14029999999999987,,,
[H]OC([H])([H])[C@@]1([H])C([H])([H])[C@]1([H])C([H])([H])C([H])([H])[H],100.088815004,1.0,1.0248,,,
[H][C]([N]N([H])C([H])([H])C#N)C([H])([H])[H],97.06399722399999,0.5,-0.19933000000000023,,,
[H]N(C([H])([H])[H])C([H])([H])C1([H])C([H])([H])N([H])C1([H])[H],100.10004838399999,1.0,-0.5748000000000002,,,
[H]N([H])/N=C(\C([H])([H])[H])C([H])([H])OC([H])([H])[H],102.07931294,0.75,-0.03259999999999996,,,
[H]N(C([H])([H])[H])C([H])([H])C([H])([H])[C@]([H])(N([H])[H])C([H])([H])[H],102.11569844799999,1.0,-0.05690000000000034,,,
[H]O[C@@]([H])(/C([H])=C(\[H])C#N)C([H])([H])[H],97.052763844,0.4,0.44697999999999993,,,
[H]C([H])=C([H])C(N([H])[H])(C([H])([H])[H])C([H])([H])[H],85.08914935199999,0.6,0.9097000000000001,,,
[H]C([H])=C(C#CC([H])([H])[H])C([H])([H])C([H])([H])[H],94.07825032,0.42857142857142855,1.9759,,,
[H]OC([H])([H])[C@]1([H])N([H])N=C([H])C1([H])[H],100.063662876,0.75,-0.6736,,,
[H]N1[C@]([H])(C([H])([H])[H])[C@@]1([H])C([H])([H])C([H])([H])[H],85.08914935199999,1.0,0.7566999999999999,,,
[H]C1=NO[C@]2([H])C([H])([H])[C@]12[H],83.03711378,0.75,0.3909,,,
[H]/C(OC([H])([H])[H])=C(\OC([H])([H])[H])C([H])([H])[H],102.06807956,0.6,1.1405,,,
[H][C]([N]N1C([H])([H])[C@]1([H])C([H])([H])[H])C([H])([H])[H],98.08439831999999,0.8,0.3915899999999999,,,
[H]C([H])=C1C(=O)N([H])N([H])C1([H])[H],98.048012812,0.25,-0.8230000000000002,,,
[H]C([H])([H])N1[C@@]2([H])C([H])([H])OC([H])([H])[C@@]12[H],99.068413908,1.0,-0.3008000000000002,,,
[H]O[C@@]1([H])C([H])([H])C([H])([H])[C@@]2([H])O[C@@]12[H],100.052429496,1.0,-0.09150000000000014,,,
[H]C1=C([H])C([H])([H])C([H])([H])C([H])([H])C([H])=C1[H],94.07825032,0.42857142857142855,2.2827,,,
[H]/C(=C(/[H])[C@]1([H])N([H])C1([H])[H])C([H])([H])[H],83.073499288,0.6,0.5343,,,
[H][C]1[C]2OC([H])([H])[C]2[C]([H])N1[H],95.03711378,0.2,0.04985999999999996,,,
[H]C([H])([H])C([H])([H])C1([H])C([H])([H])C([H])([H])C1([H])[H],84.093900384,1.0,2.1965000000000003,,,
[H]O[N][C]([H])C1([H])C([H])([H])OC1([H])[H],101.047678464,0.75,-0.21181000000000005,,,
[H]C#C[C@@]1([H])O[C@]1([H])C([H])=O,96.021129368,0.4,-0.41410000000000013,,,
[H]C([H])([H])OC([H])([H])[C@@]1([H])C([H])([H])[C@]1([H])C([H])([H])[H],100.088815004,1.0,1.2888000000000002,,,
[H]/C(C(=O)N([H])[H])=C(/N([H])[H])C([H])([H])[H],100.063662876,0.25,-0.6658,,,
[H]N(C([H])([H])[H])C([H])([H])C([H])([H])C([H])([H])N([H])C([H])([H])[H],102.11569844799999,1.0,-0.18469999999999986,,,
[H]C([H])([H])C1=NO[C@]([H])(C([H])([H])[H])O1,101.047678464,0.75,0.7126,,,
[H]C1=C(C([H])([H])[H])[C@@]2([H])C([H])([H])[C@@]2([H])C1([H])[H],94.07825032,0.7142857142857143,1.9725,,,
[H]C([H])=C([H])OC([H])([H])C1([H])C([H])([H])C1([H])[H],98.07316494,0.6666666666666666,1.5565,,,
[H]C#C[C@]([H])(C([H])([H])[H])C([H])([H])N([H])C([H])([H])[H],97.08914935199999,0.6666666666666666,0.4750999999999999,,,
[H]N1C([H])([H])[C@]2([H])N([H])[C@]([H])(C1([H])[H])C2([H])[H],98.08439831999999,1.0,-0.6799000000000004,,,
[H]C1=C(C([H])([H])[H])C([H])([H])N([H])C1=O,97.052763844,0.4,0.06250000000000006,,,
[H]N([H])C([H])([H])C([H])([H])N([H])C1([H])C([H])([H])C1([H])[H],100.10004838399999,1.0,-0.3029000000000004,,,
[H]N1[C@@]2([H])C([H])([H])OC([H])([H])[C@]1([H])C2([H])[H],99.068413908,1.0,-0.25290000000000035,,,
[H]C([H])=C1OC([H])=C([H])[C@]1([H])N([H])[H],97.052763844,0.2,0.3713000000000001,,,
[H]/N=C(\OC([H])([H])C([H])([H])[H])N([H])C([H])([H])[H],102.07931294,0.75,0.17707000000000012,,,
[H]C(=O)/C([H])=C(\N([H])[H])C([H])([H])C([H])([H])[H],99.068413908,0.4,0.43790000000000007,,,
[H]N([H])C([H])([H])C([H])(C([H])([H])C([H])([H])[H])C([H])([H])C([H])([H])[H],101.12044947999999,1.0,1.3813000000000002,,,
[H]c1oc(N([H])C([H])([H])[H])c([H])c1[H],97.052763844,0.2,1.3213,,,
[H]C([H])=C([H])C(C(=O)N([H])[H])=C([H])[H],97.052763844,0.0,0.2139000000000001,,,
[H]C#CC([H])([H])N(/C([H])=N\[H])C([H])([H])[H],96.06874825599999,0.4,0.1584700000000001,,,
[H]O[C@@]1([H])C([H])=C([H])C([H])=C([H])C1([H])[H],96.057514876,0.3333333333333333,0.8634,,,
[H]N1C([H])([H])C([H])([H])N2C([H])([H])[C@]2([H])C1([H])[H],98.08439831999999,1.0,-0.7262000000000002,,,
[H]C1=C([H])[C@]2([H])N([H])C([H])([H])[C@]2([H])O1,97.052763844,0.6,-0.12930000000000014,,,
[H]C(=O)C(=C([H])[H])C([H])([H])C([H])([H])C([H])([H])[H],98.07316494,0.5,1.5415999999999999,,,
[H]C([H])([H])[C@]1([H])O[C@@]2([H])C([H])([H])[C@@]2([H])C1([H])[H],98.07316494,1.0,1.1837,,,
[H]C#C[C@@]([H])(O[H])C([H])([H])C([H])=C([H])[H],96.057514876,0.3333333333333333,0.5566,,,
[H]C#CC(N([H])C([H])([H])[H])(C([H])([H])[H])C([H])([H])[H],97.08914935199999,0.6666666666666666,0.6175999999999999,,,
[H]N(C(=S)N(C([H])([H])[H])C([H])([H])[H])C([H])([H])[H],118.05646931999999,0.75,0.05230000000000001,,,
[H]N([H])C([H])([H])[C@@]([H])(OC([H])([H])[H])C([H])([H])[H],89.084063972,1.0,-0.02000000000000024,,,
[H]C1([H])OC([H])([H])[C@@]2([H])O[C@]1([H])C2([H])[H],100.052429496,1.0,0.17410000000000003,,,
[H]C([H])=C([H])[C@]([H])(OC([H])([H])[H])C([H])([H])C([H])([H])[H],100.088815004,0.6666666666666666,1.5974,,,
[H]C([H])([H])N1C([H])([H])[C@]1([H])C([H])([H])C([H])([H])[H],85.08914935199999,1.0,0.7103999999999999,,,
[H]C([H])([H])N1C([H])([H])C([H])([H])C([H])([H])C([H])([H])C1([H])[H],99.10479941599999,1.0,1.1021,,,
[H]C#C[C@]([H])(N([H])[H])C([H])([H])N([H])C([H])([H])[H],98.08439831999999,0.6,-0.8336999999999997,,,
[H]N1C([H])([H])[C@]([H])(C([H])([H])[H])S1(=O)=O,121.019749464,1.0,-0.6920999999999999,,,
[H]C([H])=C([H])C([H])([H])C([H])([H])C([H])([H])[H],70.07825032,0.6,1.9725,,,
[H]O[C@]([H])(C([H])([H])[H])C([H])([H])C([H])([H])N([H])[H],89.084063972,1.0,-0.2839999999999999,,,
[H]On1nc([H])c([H])c1C([H])([H])[H],98.048012812,0.25,0.42882,,,
[H]C([H])=C([H])[C@]1([H])C(=O)OC1([H])[H],98.036779432,0.4,0.34539999999999993,,,
[H]C([H])=C([H])/C([H])=C(\[H])C([H])([H])C#N,93.057849224,0.16666666666666666,1.64228,,,
[H]C1=NO[C@@]([H])(C#N)C1([H])[H],96.032362748,0.5,0.28468,,,
[H]Oc1c([H])sc([H])c1[H],99.998285748,0.0,1.4536999999999998,,,
[H]C#C[C@]([H])(O[H])C([H])([H])C([H])([H])N([H])[H],99.068413908,0.6,-0.6707000000000001,,,
[H]C(=O)/C([H])=C(\[H])C([H])([H])C([H])([H])[H],84.057514876,0.4,1.1515,,,
[H]C1=C([H])C([H])([H])OC([H])([H])C1=O,98.036779432,0.4,0.14189999999999992,,,
[H]C([H])=C([H])C([H])([H])[C@@]([H])(C([H])=C([H])[H])N([H])[H],97.08914935199999,0.3333333333333333,1.0758,,,
[H]OC([H])([H])C([H])([H])C1([H])C([H])([H])OC1([H])[H],102.06807956,1.0,0.01519999999999988,,,
[H]OC([H])([H])[C@]1([H])C([H])([H])OC([H])([H])C1([H])[H],102.06807956,1.0,0.01519999999999988,,,
[H][C]([H])[N]N([H])C(C([H])([H])[H])(C([H])([H])[H])C([H])([H])[H],100.10004838399999,0.8,0.6854899999999997,,,
[H]C([H])([H])C(=O)C([H])([H])OC([H])([H])C([H])([H])[H],102.06807956,0.8,0.6119,,,
[H]C1=C([H])C([H])([H])C([H])([H])C([H])=C1C([H])([H])[H],94.07825032,0.42857142857142855,2.2827,,,
[H]O[C@]1(C([H])([H])[H])C([H])([H])[C@]1([H])N([H])[H],87.068413908,1.0,-0.5316000000000001,,,
[H]OC([H])([H])[C@@](N([H])[H])(C([H])([H])[H])C([H])([H])N([H])[H],104.094963004,1.0,-1.3451999999999997,,,
[H]C([H])([H])C1(C([H])([H])[H])O[C@@]([H])(C([H])([H])[H])C1([H])[H],100.088815004,1.0,1.5737999999999999,,,
[H]C#CC([H])([H])ON([H])C([H])=O,99.0320284,0.25,-0.7028000000000001,,,
[H][C]([H])[N]OC([H])([H])[C@]1([H])OC1([H])[H],101.047678464,0.75,-0.2872100000000002,,,
[H]c1sc([H])c2c1C([H])([H])C2([H])[H],110.019021192,0.3333333333333333,1.8466999999999998,,,
[H]N(C([H])([H])C([H])([H])[H])C([H])([H])C([H])([H])[H],73.08914935199999,1.0,0.6157999999999999,,,
[H]OC([H])([H])[C@]([H])(C#N)C([H])=C([H])[H],97.052763844,0.4,0.30447999999999986,,,
[H]/N=C(\N([H])[H])[C@@]([H])(O[H])C([H])=C([H])[H],100.063662876,0.25,-0.5307300000000001,,,
[H]C1=NN2C([H])([H])[C@]2([H])C([H])([H])C1([H])[H],96.06874825599999,0.8,0.45019999999999993,,,
[H]C#CC([H])([H])C(=C([H])[H])C([H])([H])[H],80.062600256,0.3333333333333333,1.5857999999999999,,,
[H]C#Cc1c([H])nn([H])c1[H],92.037448128,0.0,0.3909999999999999,,,
[H]N1[C@@]2([H])C([H])([H])C([H])([H])C([H])([H])[C@@]12[H],83.073499288,1.0,0.5106999999999999,,,
[H]C([H])=C([H])C(=C([H])[H])C([H])([H])C#N,93.057849224,0.16666666666666666,1.64228,,,
[H]N1C([H])([H])C([H])([H])[C@@]2([H])C([H])([H])[C@@]2([H])C1([H])[H],97.08914935199999,1.0,0.6157999999999999,,,
[H]OC([H])([H])C1=C([H])C([H])([H])N([H])C1([H])[H],99.068413908,0.6,-0.4917,,,
[H]O/N=C(/C([H])([H])[H])C([H])([H])C([H])=O,101.047678464,0.5,0.42550000000000004,,,
[H]C#CC(C#N)(C([H])([H])[H])C([H])([H])[H],93.057849224,0.5,1.16938,,,
[H]N(C([H])([H])[H])C([H])([H])C([H])([H])C([H])([H])OC([H])([H])[H],103.099714036,1.0,0.24229999999999996,,,
[H]/N=C(\N([H])C([H])([H])C([H])([H])[H])C([H])([H])C([H])([H])[H],100.10004838399999,0.8,0.9831700000000001,,,
[H]N(C([H])([H])[H])C([H])([H])[C@]([H])(C#N)C([H])([H])[H],98.08439831999999,0.8,0.36548,,,
[H]C([H])=C1OC([H])([H])[C@@]2([H])C([H])([H])[C@@]12[H],96.057514876,0.6666666666666666,1.1664,,,
[H]/N=C(\[H])N1C([H])([H])C(=O)C1([H])[H],98.048012812,0.5,-0.52183,,,
[H]N1[C@@]([H])(C([H])([H])[H])C([H])([H])[C@]2([H])C([H])([H])[C@]12[H],97.08914935199999,1.0,0.7566999999999999,,,
[H]O[C@]1([H])C(=O)C([H])([H])N([H])C1([H])[H],101.047678464,0.75,-1.4804000000000002,,,
[H]N([H])[C@@]1([H])C([H])([H])[C@]1([H])C([H])([H])OC([H])([H])[H],101.084063972,1.0,-0.02000000000000024,,,
[H]C([H])=C([H])C([H])([H])N([H])C([H])([H])[H],71.073499288,0.5,0.3918,,,
[H]O[C@@]1(C([H])([H])[H])C([H])([H])[C@]1([H])C([H])([H])[H],86.07316494,1.0,0.7772,,,
[H]ON1C([H])=NC([H])([H])C([H])([H])C1([H])[H],100.063662876,0.75,0.10959999999999992,,,
[H]N([H])C([H])([H])C([H])([H])N([H])C([H])([H])C([H])([H])[H],88.10004838399999,1.0,-0.44540000000000046,,,
[H]C1([H])OC([H])([H])[C@]2([H])C([H])([H])[C@@]1([H])C2([H])[H],98.07316494,1.0,1.0428000000000002,,,
[H]C1=NN([H])C([H])([H])C(=C([H])[H])O1,98.048012812,0.25,0.06319999999999998,,,
[H]C([H])=C([H])C([H])(C([H])([H])[H])C([H])([H])[H],70.07825032,0.6,1.8284,,,
[H]N1C(=O)[C@@]([H])(OC([H])([H])[H])C1([H])[H],101.047678464,0.75,-0.8688000000000002,,,
[H]C#CC([H])(OC([H])([H])[H])OC([H])([H])[H],100.052429496,0.6,0.23849999999999993,,,
[H]O[C@@]1([H])C([H])=C([H])[C@]([H])(C([H])([H])[H])C1([H])[H],98.07316494,0.6666666666666666,0.9432999999999999,,,
[H]C#CC#CC([H])([H])C#N,89.026549096,0.16666666666666666,0.53668,,,
[H]C([H])=C([H])c1c([H])nn([H])c1[H],94.053098192,0.0,1.0527,,,
[H]C#CC#CC([H])([H])N([H])[H],79.04219916,0.2,-0.41830000000000006,,,
[H]N([H])C([H])([H])C#CC([H])([H])C([H])([H])[H],83.073499288,0.6,0.35850000000000026,,,
[H]C1=NOC([H])([H])C(N([H])[H])=C1[H],98.048012812,0.25,-0.15499999999999992,,,
[H]C([H])=C1C(=C([H])[H])C([H])([H])C([H])([H])C1([H])[H],94.07825032,0.42857142857142855,2.2827,,,
[H]C(=O)OC(=C([H])[H])C([H])([H])[H],86.036779432,0.25,0.693,,,
[H]C#CC1([H])C([H])([H])C([H])([H])C1([H])[H],80.062600256,0.6666666666666666,1.4197,,,
[H]C([H])=C1OC([H])=C([H])C1([H])[H],82.041864812,0.2,1.4341,,,
[H]N([H])N([H])C(=O)C1([H])C([H])([H])C1([H])[H],100.063662876,0.75,-0.6137000000000004,,,
[H]C1=C([H])C([H])([H])N([H])C(=S)N1[H],114.02516919199999,0.25,-0.022199999999999998,,,
[H]C1([H])N([C@@]2([H])C([H])([H])[C@]2([H])C([H])([H])[H])C1([H])[H],97.08914935199999,1.0,0.7103999999999999,,,
[H]C([H])=C([H])C([H])([H])[C@@]([H])(OC([H])([H])[H])C([H])([H])[H],100.088815004,0.6666666666666666,1.5974,,,
[H]OC([H])([H])C1([H])C([H])=NN=C1[H],98.048012812,0.5,-0.3349,,,
[H]c1nnc(C([H])([H])C([H])([H])[H])s1,114.02516919199999,0.5,1.1005,,,
[H]O[N][C]([H])N1C([H])([H])C([H])([H])C1([H])[H],100.063662876,0.75,-0.19501000000000013,,,
[H]OC([H])([H])C(=O)C#CC([H])([H])[H],98.036779432,0.4,-0.42889999999999984,,,
[H]C1=C([H])C([H])([H])C([H])([H])C([H])([H])C1([H])[H],82.07825032,0.6666666666666666,2.1166,,,
[H]C([H])=C([H])[C@]1([H])C([H])([H])OC([H])([H])C1([H])[H],98.07316494,0.6666666666666666,1.2089,,,
[H]C1=C([H])[C@@]2([H])N([H])[C@@]2([H])C([H])=C1[H],93.057849224,0.3333333333333333,0.4527999999999999,,,
[H]N([H])C([H])([H])C([H])(C([H])([H])N([H])[H])C([H])([H])C([H])([H])[H],102.11569844799999,1.0,-0.07000000000000028,,,
[H]C(=O)[C@@]1([H])N([H])C([H])([H])[C@]1([H])C([H])([H])[H],99.068413908,0.8,-0.20680000000000032,,,
[H]C#C[C@]([H])(O[H])C(=O)C([H])([H])[H],98.036779432,0.4,-0.4304999999999999,,,
[H]OC([H])([H])C([H])([H])C([H])([H])[H],60.057514876,1.0,0.3887,,,
[H]C1=NN([H])[C@@]([H])(C#N)C1([H])[H],95.04834715999999,0.5,-0.14232,,,
[H]OC([H])([H])C([H])([H])N([H])C([H])([H])[H],75.068413908,1.0,-0.8019000000000001,,,
[H]OC([H])([H])C([H])([H])C1([H])C([H])([H])C([H])([H])C1([H])[H],100.088815004,1.0,1.1689,,,
[H]C([H])([H])C(=NOC([H])([H])C([H])([H])[H])C([H])([H])[H],101.084063972,0.8,1.4187,,,
[H]C([H])([H])OC1(OC([H])([H])[H])C([H])([H])C1([H])[H],102.06807956,1.0,0.7693,,,
[H]C1([H])N2[C@@]3([H])C([H])([H])[C@]1([H])C([H])([H])[C@@]23[H],95.073499288,1.0,0.4627999999999999,,,
[H]OC([H])([H])/C(C([H])=O)=C(/[H])N([H])[H],101.047678464,0.25,-0.9798,,,
[H]O[N]/C([H])=C(\[C]([H])[H])C([H])([H])[H],85.052763844,0.25,0.7178899999999999,,,
[H]C(=O)[C@@]1([H])C([H])=C([H])OC1([H])[H],98.036779432,0.4,0.34539999999999993,,,
[H]O[C@@]1([H])[C@]2([H])N=C([H])N([H])[C@@]21[H],98.048012812,0.75,-1.2704000000000002,,,
[H]N(C([H])([H])[H])C([H])([H])[C@]1(C([H])([H])[H])OC1([H])[H],101.084063972,1.0,-0.005300000000000082,,,
[H]/C(C#CC#N)=C(/[H])C([H])([H])[H],91.04219916,0.16666666666666666,1.08948,,,
[H]C#CS(=O)(=O)C([H])([H])[H],103.993200368,0.3333333333333333,-0.37829999999999997,,,
[H]OC([H])([H])/C(C([H])=O)=C(/[H])C([H])([H])[H],100.052429496,0.4,0.12390000000000012,,,
[H]C1=N[N]S[C]1C([H])([H])C([H])([H])[H],114.02516919199999,0.5,1.1803899999999998,,,
[H]N([H])[C@]1(C([H])([H])[H])C([H])([H])[C@@]1(N([H])[H])C([H])([H])[H],100.10004838399999,1.0,-0.17510000000000048,,,
[H]/C(=C(/[H])[C@]([H])(C#N)C([H])([H])[H])C([H])([H])[H],95.073499288,0.5,1.72218,,,
[H]O/N=C1\C([H])=C([H])N([H])C1([H])[H],98.048012812,0.25,-0.06650000000000017,,,
[H]N1C(C([H])([H])[H])(C([H])([H])[H])[C@@]1([H])C([H])([H])[H],85.08914935199999,1.0,0.7566999999999999,,,
[H]N(C([H])([H])[H])C([H])([H])C([H])([H])C#N,84.06874825599999,0.75,0.11948000000000003,,,
[H]OC1([H])C([H])([H])S(=O)(=O)C1([H])[H],122.003765052,1.0,-1.2242999999999997,,,
[H]C#CC(=O)N([H])C([H])=O,97.016378336,0.0,-1.1078000000000001,,,
[H]OC([H])([H])C1(OC([H])([H])[H])C([H])([H])C1([H])[H],102.06807956,1.0,0.15769999999999995,,,
[H]C#CC#CC#CC([H])([H])[H],88.031300128,0.14285714285714285,0.6463,,,
[H]C([H])([H])C(N1C([H])([H])C1([H])[H])(C([H])([H])[H])C([H])([H])[H],99.10479941599999,1.0,1.1005,,,
[H]OC([H])([H])C([H])([H])N([H])C([H])([H])C([H])([H])N([H])[H],104.094963004,1.0,-1.4729999999999992,,,
[H]OC(C([H])([H])[H])(C([H])([H])[H])C([H])([H])C([H])=C([H])[H],100.088815004,0.6666666666666666,1.3334,,,
[H]/C(OC([H])([H])[H])=C(/[H])C([H])([H])C#N,97.052763844,0.4,1.06018,,,
[H]O[C@]1([H])C(=C([H])[H])C([H])([H])C([H])([H])C1([H])[H],98.07316494,0.6666666666666666,1.0874,,,
[H]/C(OC([H])([H])[H])=C(/[H])[C@]1([H])OC1([H])[H],100.052429496,0.6,0.5453,,,
[H]N([H])C([H])([H])C1([H])C([H])([H])C1([H])[H],71.073499288,1.0,0.3551000000000002,,,
[H]N1C([H])([H])C([H])([H])[C@@]2(N([H])C2([H])[H])C1([H])[H],98.08439831999999,1.0,-0.6783000000000001,,,
[H]/C(=C(/C([H])([H])[H])[C@]1([H])OC1([H])[H])C([H])([H])[H],98.07316494,0.6666666666666666,1.3514,,,
[H]N([H])C(=O)C#CC#N,94.016712684,0.0,-1.00132,,,
[H]OC([H])([H])[C@]([H])(C([H])=O)C([H])=C([H])[H],100.052429496,0.4,-0.020199999999999996,,,
[H]C#C/C([H])=C(\C([H])=C([H])[H])C([H])([H])[H],92.062600256,0.14285714285714285,1.7519,,,
[H]N1C([H])([H])[C@]1([H])C([H])([H])OC([H])([H])C([H])([H])[H],101.084063972,1.0,-0.005300000000000082,,,
[H]N([H])C(=O)C([H])([H])[H],59.03711378,0.5,-0.5084000000000002,,,
[H]OC([H])([H])[C@@]([H])(N([H])C([H])([H])[H])C([H])([H])C([H])([H])[H],103.099714036,1.0,-0.0233000000000001,,,
[H]C([H])([H])N(C([H])([H])[H])C([H])([H])[C@]1([H])OC1([H])[H],101.084063972,1.0,-0.053200000000000136,,,
